State,District,Latitude,Longitude,District code,District name,Population,Male,Female,Literate,Male Literate,Female Literate,Rural Households,Urban Households,Housholds With Electricity,Hindus,Christians,Sikhs,Buddhists,Jains,Muslims,Households With Internet,Sex Ratio,Literacy Rate
Andhra Pradesh,Adilabad,19.284513950073435,78.81321233480176,532,Adilabad,2741239,1369597,1371642,1483347,856350,626997,597466,220248,566108,2399901,15422,1377,25510,617,275970,5512,1001.0,54.0
Andhra Pradesh,Anantapur,14.312065561843148,77.4601584478577,553,Anantapur,4081148,2064495,2016653,2310960,1338474,972486,902997,341431,897970,3599372,20463,932,341,1417,443456,8606,977.0,57.0
Andhra Pradesh,Chittoor,13.33109263067696,78.92763898886037,554,Chittoor,4174064,2090204,2083860,2667878,1484794,1183084,907970,395900,944555,3737588,24129,867,253,1322,397870,13763,997.0,64.0
Andhra Pradesh,East Godavari,16.782718320784902,82.2432074720511,545,East Godavari,5154296,2569688,2584608,3288577,1716933,1571644,1199479,406362,1297273,4983330,77825,738,413,4149,77777,22411,1006.0,64.0
Andhra Pradesh,Guntur,15.884925767634847,80.58657614107885,548,Guntur,4887813,2440521,2447292,2960441,1634726,1325715,1069877,513113,1186028,4217597,89763,764,323,3282,559770,19383,1003.0,61.0
Andhra Pradesh,Hyderabad,17.38971555555556,78.46668888888888,536,Hyderabad,3943323,2018575,1924748,2892155,1542688,1349467,0,1066289,869721,2046051,87522,11446,1268,19560,1713405,149034,954.0,73.0
Andhra Pradesh,Karimnagar,18.515483193277312,79.43765428571413,534,Karimnagar,3776269,1880800,1895469,2206829,1257238,949591,877236,288044,926768,3491139,24979,2086,332,312,244723,8831,1008.0,58.0
Andhra Pradesh,Khammam,17.683921325051784,80.67008643892335,541,Khammam,2797370,1390988,1406382,1630234,901640,728594,669262,201363,668519,2595321,33463,655,217,459,158887,8628,1011.0,58.0
Andhra Pradesh,Krishna,16.143872753151673,81.14805061000413,547,Krishna,4517398,2267375,2250023,3009718,1598959,1410759,909292,567042,1163932,4023678,145598,1393,863,6320,307043,30438,992.0,67.0
Andhra Pradesh,Kurnool,15.43759715142429,77.90086836581717,552,Kurnool,4053463,2039227,2014236,2127161,1246369,880792,783853,306982,816721,3328380,33165,737,255,2235,670737,10081,988.0,52.0
Andhra Pradesh,Mahbubnagar,16.639546224256293,77.98933089244859,538,Mahbubnagar,4053028,2050386,2002642,1940646,1158386,782260,848963,161052,757821,3673456,21345,658,290,388,334172,6153,977.0,48.0
Andhra Pradesh,Medak,17.889304978038055,78.13778901903379,535,Medak,3033288,1523030,1510258,1637137,953406,683731,593653,195479,604719,2637313,34301,1309,554,457,342449,8635,992.0,54.0
Andhra Pradesh,Nalgonda,17.113250515463907,79.16984453608244,539,Nalgonda,3488809,1759772,1729037,2001019,1160757,840262,833504,197433,789225,3249231,35025,937,241,250,188646,7715,983.0,57.0
Andhra Pradesh,Nizamabad,18.429485849056604,78.07523490566035,533,Nizamabad,2551335,1250641,1300694,1389810,790214,599596,565165,155133,545913,2123426,19653,2357,1847,542,391596,5261,1040.0,54.0
Andhra Pradesh,Prakasam,15.489039001601704,80.11665790176184,549,Prakasam,3397448,1714764,1682684,1904435,1107686,796749,873486,214089,763746,3150195,18775,266,97,204,220654,6151,981.0,56.0
Andhra Pradesh,Srikakulam,18.570900998697432,84.25874814010675,542,Srikakulam,2703114,1341738,1361376,1495381,857824,637557,752752,149684,615432,2666950,18879,193,77,160,9025,3988,1015.0,55.0
Andhra Pradesh,Vizianagaram,18.28329696032972,83.45982854198873,543,Vizianagaram,2344474,1161477,1182997,1238388,707503,530885,592458,157056,527736,2299129,17853,380,114,815,16423,4453,1019.0,53.0
Andhra Pradesh,Warangal,18.01752608695651,79.87422028985509,540,Warangal,3512576,1759281,1753295,2065023,1179790,885233,758738,288249,828077,3273755,31377,1453,253,569,197333,12952,997.0,59.0
Andhra Pradesh,West Godavari,16.63297943925236,81.45912990654196,546,West Godavari,3936966,1964918,1972048,2652389,1379223,1273166,1007255,248373,1017568,3733191,109120,288,209,1578,86142,12050,1004.0,67.0
Arunachal Pradesh,Changlang,27.36048479338845,96.37552644628106,253,Changlang,148226,76948,71278,73174,44027,29147,33422,6498,14593,47683,35969,94,50381,95,2134,170,926.0,49.0
Arunachal Pradesh,East Kameng,27.371194055944056,93.04741486013997,247,East Kameng,78690,38775,39915,38449,21599,16850,14503,5215,5318,12333,37136,36,452,23,652,57,1029.0,49.0
Arunachal Pradesh,East Siang,28.15382352941176,95.06499226006191,251,East Siang,99214,50116,49098,62576,34210,28366,19497,9524,14231,27854,18254,69,776,30,2289,450,980.0,63.0
Arunachal Pradesh,Kurung Kumey,28.04853351800553,93.24531994459834,256,Kurung Kumey,92076,45318,46758,36606,20258,16348,18603,1092,3911,4859,51189,43,121,81,471,95,1032.0,40.0
Arunachal Pradesh,Lohit,27.946785273972623,96.59670770547945,259,Lohit,145726,76221,69505,83062,48380,34682,33599,11372,17157,99020,10684,210,24452,104,3846,312,912.0,57.0
Arunachal Pradesh,Lower Dibang Valley,28.32651730103806,95.76567335640142,258,Lower Dibang Valley,54080,28053,26027,31849,18087,13762,12000,3950,5932,28915,9213,33,2932,19,2247,207,928.0,59.0
Arunachal Pradesh,Lower Subansiri,27.70849297297297,93.96226108108112,255,Lower Subansiri,83030,41843,41187,54057,29470,24587,18112,5365,12493,9551,34402,27,193,13,1482,381,984.0,65.0
Arunachal Pradesh,Papum Pare,27.273529716981127,93.54468183962264,248,Papum Pare,176573,89182,87391,121048,65794,55254,20308,30180,30539,57027,84397,310,4768,139,6148,2477,980.0,69.0
Arunachal Pradesh,Tawang,27.680683962264148,91.82504245283016,245,Tawang,49977,29151,20826,26073,17720,8353,10730,2452,8635,11842,776,1164,34920,72,787,96,714.0,52.0
Arunachal Pradesh,Tirap,26.94406229508198,95.41470327868862,254,Tirap,111975,57604,54371,47974,29313,18661,18420,6500,16026,20682,83361,61,778,43,1103,98,944.0,43.0
Arunachal Pradesh,Upper Siang,28.8309244897959,95.00155765306124,252,Upper Siang,35320,18699,16621,18195,10723,7472,8569,2182,6198,5261,5643,27,2577,7,411,97,889.0,52.0
Arunachal Pradesh,Upper Subansiri,28.277196566523585,93.8991435622318,249,Upper Subansiri,83448,41758,41690,45278,24807,20471,14542,4672,5373,13474,8779,28,297,11,521,139,998.0,54.0
Arunachal Pradesh,West Kameng,27.46486582278483,92.65015750452083,246,West Kameng,83947,46155,37792,48492,29566,18926,17889,6306,14188,31265,8466,328,36087,71,1970,202,819.0,58.0
Arunachal Pradesh,West Siang,28.106296920289843,94.53510344202908,250,West Siang,112274,58168,54106,64746,36777,27969,22272,8503,14204,15881,29969,577,3311,49,2218,303,930.0,58.0
Assam,Barpeta,26.427872264631056,90.97912010178116,303,Barpeta,1693622,867004,826618,897058,499038,398020,447189,52192,84804,492966,1020,112,49,399,1198036,2078,953.0,53.0
Assam,Bongaigaon,26.45012521994133,90.6734296187684,319,Bongaigaon,738804,375818,362986,434078,237114,196964,181923,38470,49866,359145,5924,384,236,871,371033,2523,966.0,59.0
Assam,Cachar,24.815570668693017,92.86849650455927,316,Cachar,1736617,886284,850333,1174128,639946,534182,346227,88933,140205,1038985,37635,280,341,1673,654816,5316,959.0,68.0
Assam,Darrang,26.58463215962442,92.04141338028155,325,Darrang,928500,475273,453227,487039,268666,218373,268517,20189,45444,327322,1688,431,57,724,597392,1166,954.0,52.0
Assam,Dhemaji,27.586533438485816,94.71336908517353,308,Dhemaji,686133,351249,334884,423028,237761,185267,211758,16504,28195,655052,8711,297,911,167,13475,1192,953.0,62.0
Assam,Dibrugarh,27.30612284482757,95.0998282327587,310,Dibrugarh,1326335,676434,649901,884531,491361,393170,299852,77163,136685,1198401,52968,2261,4673,1055,64526,8817,961.0,67.0
Assam,Goalpara,26.017277777777807,90.59869891598912,302,Goalpara,1008183,513292,494891,563577,304302,259275,228610,39504,78641,347878,77862,771,194,477,579929,1364,964.0,56.0
Assam,Golaghat,26.377219709794485,93.82583397823468,313,Golaghat,1066888,543161,523727,721764,396475,325289,292893,34190,82345,917426,50582,1131,3863,530,90312,3073,964.0,68.0
Assam,Hailakandi,24.457496089385486,92.59154664804475,318,Hailakandi,659296,337890,321406,407366,226836,180530,159215,16202,44143,251194,8480,84,490,247,397653,1211,951.0,62.0
Assam,Jorhat,26.76244824016563,94.30197722567289,312,Jorhat,1092256,556805,535451,794929,432335,362594,286330,80824,122063,1008219,21051,1540,2378,719,54684,5651,962.0,73.0
Assam,Kamrup,26.170939452054807,91.58863273972592,321,Kamrup,1517542,778461,739081,995319,550219,445100,390596,43849,122191,877495,33297,319,185,1330,601784,3109,949.0,66.0
Assam,Karbi Anglong,26.08966454598031,93.11536570271832,314,Karbi Anglong,956313,490167,466146,557214,314253,242961,215691,37185,53918,766000,157789,370,6260,397,20290,1923,951.0,58.0
Assam,Karimganj,24.69660712250711,92.3679498575498,317,Karimganj,1228686,625864,602822,795297,435942,359355,261945,32695,70951,521962,11990,114,446,524,692489,1933,963.0,65.0
Assam,Kokrajhar,26.497246635730868,90.13997470997688,300,Kokrajhar,887142,452905,434237,489305,275220,214085,204896,17115,41373,529068,101091,93,1718,396,252271,1218,959.0,55.0
Assam,Lakhimpur,27.14128805970149,94.0775949253732,307,Lakhimpur,1042137,529674,512463,683486,375552,307934,293239,34694,60296,797130,46217,412,1074,250,193476,1948,968.0,66.0
Assam,Nagaon,26.26462170626351,92.9306191144708,305,Nagaon,2823768,1439112,1384656,1710716,921850,788866,674999,124186,195631,1225246,26844,3036,1073,1162,1563203,5121,962.0,61.0
Assam,Nalbari,26.46323767605632,91.40598521126763,323,Nalbari,771639,396006,375633,531771,293184,238587,210706,28238,68313,491582,429,62,27,1004,277488,1631,949.0,69.0
Assam,Sonitpur,26.73514926829268,92.85197804878044,306,Sonitpur,1924110,983904,940206,1108572,620525,488047,483325,64528,133368,1422824,138166,1363,5088,1003,350536,4358,956.0,58.0
Assam,Tinsukia,27.53549291139241,95.69055949367085,309,Tinsukia,1327929,680231,647698,798322,453449,344873,290704,90910,161718,1181347,76877,1999,16228,837,48373,5135,952.0,60.0
Bihar,Araria,26.211528119180603,87.30766554934816,209,Araria,2811569,1463333,1348236,1195768,727643,468125,659061,44213,43290,1593525,4116,371,187,1910,1207442,2561,921.0,43.0
Bihar,Aurangabad,24.774291867469877,84.45986024096379,235,Aurangabad,2540073,1318684,1221389,1466002,868733,597269,428291,49006,44456,2291133,2218,295,334,775,237353,2362,926.0,58.0
Bihar,Aurangabad,24.774291867469877,84.45986024096379,515,Aurangabad,3701282,1924469,1776813,2503837,1430936,1072901,551789,427343,589477,2545438,15991,5142,309093,30981,786677,23258,923.0,68.0
Bihar,Banka,24.832355642023337,86.8664916342413,225,Banka,2034763,1067140,967623,965321,590961,374360,425604,18492,62359,1772655,6138,139,113,94,250925,1704,907.0,47.0
Bihar,Begusarai,25.54302613168723,86.12560144032932,222,Begusarai,2970541,1567660,1402881,1548673,918507,630166,594377,139248,120373,2554330,2209,402,229,276,407348,4644,895.0,52.0
Bihar,Bhagalpur,25.277192885375477,87.04213814229242,224,Bhagalpur,3037766,1615663,1422103,1573066,937669,635397,522527,130634,174534,2487866,3556,415,180,1050,537098,6764,880.0,52.0
Bihar,Bhojpur,25.50666439393939,84.49407803030304,231,Bhojpur,2728407,1430380,1298027,1599151,973486,625665,434559,77368,62153,2518216,2165,544,647,1472,197819,3661,907.0,59.0
Bihar,Buxar,25.48593018867924,84.08808081760995,232,Buxar,1706352,887977,818375,989807,593544,396263,299252,35405,46760,1591454,2125,248,5090,97,105423,1784,922.0,58.0
Bihar,Darbhanga,26.146187719298258,85.97387352472099,215,Darbhanga,3937385,2059949,1877436,1816634,1125566,691068,907174,95539,127442,3042729,3534,832,245,236,881476,6280,911.0,46.0
Bihar,Gaya,24.7266541547278,84.94291217765044,236,Gaya,4391418,2266566,2124852,2297613,1368803,928810,696289,111282,112617,3876395,3943,913,870,1723,488121,6856,937.0,52.0
Bihar,Gopalganj,26.44874364161851,84.34636127167629,217,Gopalganj,2562012,1267666,1294346,1382998,793905,589093,515925,38133,69375,2119262,2463,271,167,133,436057,3707,1021.0,54.0
Bihar,Jamui,24.78418380462726,86.26316298200514,238,Jamui,1760405,916064,844341,858588,534385,324203,325909,30851,32633,1525746,8443,162,159,87,217621,1839,922.0,49.0
Bihar,Jehanabad,25.155679045643165,84.9208124481328,239,Jehanabad,1125313,585582,539731,618881,374412,244469,186660,28132,27641,1045117,691,148,248,60,75742,1106,922.0,55.0
Bihar,Katihar,25.56565356037151,87.70466083591326,212,Katihar,3071029,1600430,1470599,1280190,762256,517934,668232,69838,60900,1684589,8659,2754,212,507,1365645,2941,919.0,42.0
Bihar,Khagaria,25.53558891454964,86.56593256351037,223,Khagaria,1666886,883786,783100,768028,461153,306875,373696,21007,40641,1486989,1253,143,79,86,175588,1580,886.0,46.0
Bihar,Kishanganj,26.324336758321294,87.95045007235886,210,Kishanganj,1690400,866970,823430,745056,439921,305135,401793,43357,58718,531236,5783,398,183,1476,1149095,1093,950.0,44.0
Bihar,Lakhisarai,25.183449321266963,86.12825701357468,227,Lakhisarai,1000912,526345,474567,507270,305182,202088,175882,31763,44491,956396,487,140,52,78,40886,1186,902.0,51.0
Bihar,Madhepura,25.77341929460581,86.8978443983403,213,Madhepura,2001762,1047559,954203,834577,517666,316911,486278,24000,23236,1753829,1342,170,60,133,241760,1397,911.0,42.0
Bihar,Madhubani,26.41380538172716,86.16328360450552,207,Madhubani,4487379,2329313,2158066,2155338,1340085,815253,1047552,41234,113281,3652168,3262,564,328,442,818912,5319,926.0,48.0
Bihar,Munger,25.198537962962963,86.54173672839504,226,Munger,1367765,729041,638724,801817,473741,328076,222281,85782,90461,1252319,1815,338,95,145,110416,2653,876.0,59.0
Bihar,Muzaffarpur,26.18664417177915,85.32745092024543,216,Muzaffarpur,4801062,2527497,2273565,2509232,1487117,1022115,998694,120700,180651,4032773,5149,933,288,382,745546,10290,900.0,52.0
Bihar,Nalanda,25.229345508982053,85.48053113772461,229,Nalanda,2877653,1497060,1380593,1519933,919558,600375,514141,102522,101378,2669775,1978,393,414,561,198033,4156,922.0,53.0
Bihar,Nawada,24.825708836206903,85.61594568965519,237,Nawada,2219146,1144668,1074478,1091012,659474,431538,379551,45323,31162,1964620,1299,250,176,279,244394,1841,939.0,49.0
Bihar,Pashchim Champaran,27.16064352201258,84.30265911949685,203,Pashchim Champaran,3935042,2061110,1873932,1759481,1091226,668255,839514,96620,57546,3047427,8469,926,1337,296,865090,3495,909.0,45.0
Bihar,Patna,25.40297114503818,85.3198433587787,230,Patna,5838465,3078512,2759953,3459679,2028047,1431632,657991,552103,546859,5356075,12551,4803,1062,2151,439952,40692,897.0,59.0
Bihar,Purba Champaran,26.68129336734693,85.00382155612242,204,Purba Champaran,5099371,2681209,2418162,2276957,1407603,869354,1142260,101565,74979,4086453,4865,668,878,464,990349,7719,902.0,45.0
Bihar,Purnia,25.81714801901739,87.40447606973065,211,Purnia,3264619,1699370,1565249,1332326,805261,527065,712847,85749,86058,1989420,7989,614,353,1450,1255641,4170,921.0,41.0
Bihar,Rohtas,24.99170460829495,83.9350762672811,234,Rohtas,2959918,1543546,1416372,1799832,1061783,738049,512383,95678,114893,2645415,2889,2569,1584,252,300487,4594,918.0,61.0
Bihar,Saharsa,25.821270696721303,86.54670819672135,214,Saharsa,1900661,997174,903487,804996,506374,298622,432651,38046,41342,1629254,1292,197,60,109,266620,1668,906.0,42.0
Bihar,Samastipur,25.793205563909765,85.94833323308269,221,Samastipur,4261566,2230003,2031563,2142880,1293575,849305,1012979,43486,88021,3800598,2126,554,292,231,452370,5379,911.0,50.0
Bihar,Saran,25.89656077844312,84.82266287425155,219,Saran,3951862,2022821,1929041,2157454,1285767,871687,701323,76299,94787,3534772,2330,371,229,322,406449,4509,954.0,55.0
Bihar,Sheikhpura,25.12472436548223,85.77839390862943,228,Sheikhpura,636342,329743,306599,328676,196431,132245,108293,24345,20065,596102,313,75,41,43,37653,631,930.0,52.0
Bihar,Sheohar,26.458380748663107,85.29539411764709,205,Sheohar,656246,346673,309573,283698,171645,112053,158484,7516,10004,552492,522,216,73,52,99342,478,893.0,43.0
Bihar,Sitamarhi,26.56570069686413,85.61172491289203,206,Sitamarhi,3423574,1803252,1620322,1436794,885188,551606,807294,49670,66263,2672311,2897,261,253,188,740101,3460,899.0,42.0
Bihar,Siwan,26.1736372013652,84.33766552901022,218,Siwan,3330464,1675090,1655374,1930175,1115906,814269,632514,41858,52935,2712635,2618,369,407,359,608282,3834,988.0,58.0
Bihar,Supaul,26.28157893772896,86.78496465201461,208,Supaul,2229076,1155283,1073793,1033283,647672,385611,572287,27815,51028,1809936,3758,271,136,546,409251,1845,929.0,46.0
Bihar,Vaishali,25.8134703180212,85.39247597173153,220,Vaishali,3495021,1844535,1650486,1926740,1152576,774164,699317,51494,70001,3152346,2203,707,362,246,333980,4810,895.0,55.0
Chandigarh,Chandigarh,30.7426,76.75872465753424,55,Chandigarh,1055450,580663,474787,805438,465346,340092,8911,289456,231204,852574,8720,138329,1160,1960,51447,44283,818.0,76.0
Chhattisgarh,Bastar,19.393866751269048,81.52895126903546,414,Bastar,1413199,698487,714712,650863,382335,268528,316425,54894,157646,1277975,27951,2099,985,3466,12413,1782,1023.0,46.0
Chhattisgarh,Bilaspur,22.356942982456143,81.99770350877188,30,Bilaspur,381956,192764,189192,287620,155599,132021,152458,11987,79146,371973,236,2387,113,10,6984,1574,981.0,75.0
Chhattisgarh,Bilaspur,22.356942982456143,81.99770350877188,406,Bilaspur,2663629,1351574,1312055,1596560,932474,664086,549632,188174,519704,2540763,20745,6373,2979,2357,57973,8566,971.0,60.0
Chhattisgarh,Dhamtari,20.554912627291245,81.7569195519348,412,Dhamtari,799781,397897,401884,546833,303924,242909,168689,41792,148926,777188,2644,1196,667,3612,10425,1016,1010.0,68.0
Chhattisgarh,Durg,21.194463849287164,81.33181639511197,409,Durg,3343872,1682101,1661771,2303378,1284612,1018766,533448,349741,614109,3129745,24304,24276,19587,17209,83499,16141,988.0,69.0
Chhattisgarh,Jashpur,22.77286167664669,83.8703962075848,402,Jashpur,851669,424747,426922,495415,280656,214759,205670,20722,76783,629509,189588,474,467,694,15336,567,1005.0,58.0
Chhattisgarh,Korba,22.491712499999995,82.57604326923074,404,Korba,1206640,612915,593725,748759,433391,315368,206598,126055,202380,1133176,21059,3666,897,753,30195,4544,969.0,62.0
Chhattisgarh,Koriya,23.50412776859501,82.12515636363635,400,Koriya,658917,334737,324180,397823,229923,167900,121852,59763,80023,604259,9398,1391,84,1155,25878,1667,968.0,60.0
Chhattisgarh,Mahasamund,21.223727037773354,82.65925427435384,411,Mahasamund,1032754,511967,520787,637963,364089,273874,274793,35774,212487,1008061,5284,2941,521,1495,12570,961,1017.0,62.0
Chhattisgarh,Raigarh,22.008265068493166,83.27797698630134,403,Raigarh,1493984,750278,743706,951639,542756,408883,354278,66638,297308,1422986,47653,2117,781,409,17332,3342,991.0,64.0
Chhattisgarh,Raigarh,22.008265068493166,83.27797698630134,520,Raigarh,2634200,1344345,1289855,1939994,1059692,880302,581868,377160,547206,2239370,17452,7477,121791,12260,227465,38570,959.0,74.0
Chhattisgarh,Raipur,20.88603153846152,82.20032759615388,410,Raipur,4063872,2048186,2015686,2629749,1493158,1136591,673499,395001,728556,3881485,23181,16707,8397,17137,103038,20261,984.0,65.0
Chhattisgarh,Surguja,23.32719278728607,83.23582493887531,401,Surguja,2359886,1193129,1166757,1187941,694686,493255,525596,65167,253131,2126195,97432,2303,1287,623,81442,2737,978.0,50.0
Daman and Diu,Daman,20.431616666666677,72.8392366071429,495,Daman,191173,124659,66514,150348,104316,46032,10006,61073,49249,171537,2618,169,216,244,16087,1316,534.0,79.0
Daman and Diu,Junagadh,20.72568199498111,70.83985639899612,479,Junagadh,2743082,1404356,1338726,1842818,1046981,795837,489237,287506,498326,2397056,2586,1110,1291,3841,334858,6628,953.0,67.0
Goa,North Goa,15.548723418714054,73.80667997909038,585,North Goa,818008,416677,401331,663060,351738,311322,115859,209230,173951,622213,134169,618,553,546,57941,23440,963.0,81.0
Goa,South Goa,15.195278658183785,73.941792596877,586,South Goa,640537,322463,318074,502427,264085,238342,88620,162873,138810,341664,231961,855,542,563,63623,17624,986.0,78.0
Gujarat,Ahmadabad,22.605425564971743,72.23898135593227,474,Ahmadabad,7214225,3788051,3426174,5435760,3025463,2410297,353169,1845383,1456046,6042416,50754,14542,4518,209287,883238,126341,904.0,75.0
Gujarat,Amreli,21.04832649310872,71.43457637825426,480,Amreli,1514190,771049,743141,995459,558180,437279,313714,116899,273331,1410463,919,415,243,2053,99105,2538,964.0,66.0
Gujarat,Anand,22.282718206229863,72.57782051557454,482,Anand,2092745,1087224,1005521,1551253,874481,676772,413078,208909,378310,1798794,29789,1524,267,8591,250919,9902,925.0,74.0
Gujarat,Banas Kantha,24.258538965517253,71.93205252873561,469,Banas Kantha,3120506,1610379,1510127,1704923,1048402,656521,666773,137424,396873,2890305,1686,486,281,12659,213505,3424,938.0,55.0
Gujarat,Bharuch,21.75787276237761,72.67326346710801,488,Bharuch,1551019,805707,745312,1118276,623047,495229,300677,181319,309091,1188204,9494,1733,442,4813,343511,10257,925.0,72.0
Gujarat,Bhavnagar,21.70219390341736,72.16272632761141,481,Bhavnagar,2880365,1490201,1390164,1887255,1087371,799884,387251,356826,500757,2632574,3457,1410,445,26974,212863,7297,933.0,66.0
Gujarat,Gandhinagar,23.193679790026252,72.67221679790026,473,Gandhinagar,1391753,723864,667889,1030494,582686,447808,237624,195634,262539,1319586,3237,1985,497,6405,57273,12107,923.0,74.0
Gujarat,Jamnagar,22.410600414263328,69.62062005768233,477,Jamnagar,2160119,1114192,1045927,1396534,795140,601394,347158,299167,386538,1810443,4392,1873,1086,18856,320805,11573,939.0,65.0
Gujarat,Junagadh,20.929523011609785,70.54733890140345,479,Junagadh,2743082,1404356,1338726,1842818,1046981,795837,489237,287506,498326,2397056,2586,1110,1291,3841,334858,6628,953.0,67.0
Gujarat,Kachchh,23.48057203301311,68.82192301497916,468,Kachchh,2092371,1096737,995634,1252319,739239,513080,488293,250982,403294,1608921,6192,6353,490,25312,442355,9631,908.0,60.0
Gujarat,Kheda,22.88765312500002,73.018803515625,483,Kheda,2299885,1185727,1114158,1660243,942480,717763,461479,160547,372226,2000884,26629,1403,300,3479,264482,5710,940.0,72.0
Gujarat,Mahesana,23.529355452865065,72.45545194085031,471,Mahesana,2035064,1056520,978544,1502645,847499,655146,476005,183738,385609,1885732,1954,1082,146,7087,136431,7759,926.0,74.0
Gujarat,Narmada,21.70666386292833,73.68403208722742,487,Narmada,590297,301086,289211,370336,211767,158569,138121,22248,101940,559848,4413,147,80,373,22600,576,961.0,63.0
Gujarat,Navsari,20.866973318871995,72.86184869848157,490,Navsari,1329672,678165,651507,1001909,539471,462438,267739,141417,267679,1225087,5733,2459,601,13386,78669,6726,961.0,75.0
Gujarat,Panch Mahals,22.80435606837605,73.61984598290586,484,Panch Mahals,2390776,1226961,1163815,1440805,858054,582751,463363,104238,398937,2220974,2863,662,337,5236,158513,3456,949.0,60.0
Gujarat,Patan,23.80634198473284,71.75162977099237,470,Patan,1343734,694397,649337,837913,494631,343282,301483,102655,223424,1194745,916,337,66,3602,142797,2231,935.0,62.0
Gujarat,Porbandar,21.55092351651571,69.71896987722886,478,Porbandar,585449,300209,285240,393678,221621,172057,96015,87557,117040,549749,500,248,91,515,33565,1653,950.0,67.0
Gujarat,Rajkot,22.40603377715488,70.83679439383323,476,Rajkot,3804558,1974445,1830113,2725056,1514075,1210981,459474,721532,747352,3397406,5478,1918,1170,33591,361388,21785,927.0,72.0
Gujarat,Sabar Kantha,23.71803594548552,73.13638790459964,472,Sabar Kantha,2428589,1244231,1184358,1578734,918625,660109,544024,121509,438606,2260560,6375,614,168,11110,148563,5262,952.0,65.0
Gujarat,Surat,21.25761372772093,72.93488716344339,492,Surat,6081322,3402224,2679098,4571410,2687468,1883942,369840,1529998,1252452,5260193,21052,5703,12902,112835,660772,55694,787.0,75.0
Gujarat,Surendranagar,22.82672007299272,71.48358740875906,475,Surendranagar,1756268,909917,846351,1093626,643221,450405,340788,159810,302068,1620282,1419,512,312,22992,109681,2975,930.0,62.0
Gujarat,The Dangs,20.801633877551023,73.6883518367347,489,The Dangs,228291,113821,114470,140968,77314,63654,52102,7516,29794,203545,20029,69,32,39,3593,137,1006.0,62.0
Gujarat,Vadodara,22.26133739279589,73.49433010291594,486,Vadodara,4165626,2153736,2011890,2893080,1614087,1278993,547454,692971,798277,3713941,23813,9340,2069,27650,384579,53606,934.0,69.0
Gujarat,Valsad,20.44238231644259,72.9148584798345,491,Valsad,1705678,887222,818456,1170657,655528,515129,262410,235981,329218,1571147,19661,1589,913,13809,94034,11020,922.0,69.0
Haryana,Ambala,30.3503672316384,76.94970310734456,70,Ambala,1128350,598703,529647,818025,461288,356737,175365,139891,199681,955096,3705,138202,381,4845,22143,12899,885.0,72.0
Haryana,Bhiwani,28.728868064516128,76.02110225806452,81,Bhiwani,1634445,866672,767773,1069871,643158,426713,357047,99235,266244,1611031,873,2401,254,1016,15515,5292,886.0,65.0
Haryana,Faridabad,28.14873109756098,77.32718536585368,88,Faridabad,1809733,966110,843623,1272739,734940,537799,87700,382981,333171,1588407,9743,34572,640,4883,161680,43437,873.0,70.0
Haryana,Fatehabad,29.57298318584072,75.54608716814157,78,Fatehabad,942011,495360,446651,557578,327471,230107,203020,55360,153301,779243,996,150969,171,1172,8360,3210,902.0,59.0
Haryana,Gurgaon,28.043894789579163,77.01935130260523,86,Gurgaon,1514432,816690,697742,1111116,638666,472450,141703,381988,305751,1408801,9725,15097,944,7451,70842,67087,854.0,73.0
Haryana,Hisar,29.23628731117825,75.84324682779452,80,Hisar,1743931,931562,812369,1114311,670200,444111,302013,154113,285004,1701061,1945,12270,334,3620,21650,10132,872.0,64.0
Haryana,Jhajjar,28.59651868131869,76.61137142857145,83,Jhajjar,958405,514667,443738,676091,399480,276611,211816,78328,168558,945693,734,1042,105,645,8247,5034,862.0,71.0
Haryana,Jind,29.45149821958457,76.29598575667653,77,Jind,1334152,713006,621146,832758,502049,330709,278335,89665,222462,1276669,889,29103,172,2594,23016,5263,871.0,62.0
Haryana,Kaithal,29.96068539094649,76.37698930041155,73,Kaithal,1074304,571003,503301,646529,385782,260747,231091,75696,187349,974520,1769,87558,265,351,8232,3724,881.0,60.0
Haryana,Karnal,29.703200647249204,76.87488025889972,74,Karnal,1505324,797712,707612,978013,564516,413497,292682,135920,267223,1341002,2049,126207,532,1516,31650,11163,887.0,65.0
Haryana,Kurukshetra,30.05652659846548,76.78774680306903,72,Kurukshetra,964655,510976,453679,646893,370828,276065,203553,88268,171908,805175,1943,140395,214,375,15970,7356,888.0,67.0
Haryana,Mahendragarh,28.1352161458333,76.14018072916659,84,Mahendragarh,922088,486665,435423,630255,380440,249815,223726,44216,135455,913251,301,1737,75,644,5660,2624,895.0,68.0
Haryana,Panchkula,30.700897142857134,76.97173238095236,69,Panchkula,561293,299679,261614,405318,229862,175456,70895,93656,103455,490702,2583,40951,1008,1626,23451,18615,873.0,72.0
Haryana,Panipat,29.34352134146342,76.92895914634147,75,Panipat,1205437,646857,558580,786599,464136,322463,173502,153804,209965,1083936,2261,25064,289,4647,86622,10024,864.0,65.0
Haryana,Rewari,28.19164714828897,76.55956007604564,85,Rewari,900332,474335,425997,636947,375453,261494,199449,69305,152651,889133,701,1804,202,1525,5713,5121,898.0,71.0
Haryana,Rohtak,28.892517647058817,76.53123235294117,82,Rohtak,1061204,568479,492725,747582,436025,311557,175203,131739,193120,1043887,732,3916,200,3491,8185,8482,867.0,70.0
Haryana,Sirsa,29.63583446327684,74.90970480225988,79,Sirsa,1295189,682582,612607,782897,456968,325929,245476,93316,215527,940255,2186,338962,370,2256,9524,6287,897.0,60.0
Himachal Pradesh,Bilaspur,31.3780422907489,76.65316079295157,30,Bilaspur,381956,192764,189192,287620,155599,132021,152458,11987,79146,371973,236,2387,113,10,6984,1574,981.0,75.0
Himachal Pradesh,Bilaspur,31.3780422907489,76.65316079295157,406,Bilaspur,2663629,1351574,1312055,1596560,932474,664086,549632,188174,519704,2540763,20745,6373,2979,2357,57973,8566,971.0,60.0
Himachal Pradesh,Chamba,32.66741814595661,76.39354063116366,23,Chamba,519080,261320,257760,323842,186064,137778,186395,13836,96082,479782,1559,2745,1740,57,32455,1615,986.0,62.0
Himachal Pradesh,Hamirpur,31.67668481012659,76.49767088607594,28,Hamirpur,454768,217070,237698,358091,180555,177536,196116,15232,104120,449412,243,591,95,293,3711,2521,1095.0,79.0
Himachal Pradesh,Hamirpur,31.67668481012659,76.49767088607594,168,Hamirpur,1104285,593537,510748,653299,408125,245174,256081,55300,55929,1010014,814,196,74,41,91269,1196,861.0,59.0
Himachal Pradesh,Kangra,32.14093603238864,76.41205910931173,24,Kangra,1510075,750591,759484,1152640,606443,546197,588321,39007,330081,1461140,3023,8929,14511,194,19797,8053,1012.0,76.0
Himachal Pradesh,Kinnaur,31.60667184065933,78.51613736263741,34,Kinnaur,84121,46249,37872,60699,36697,24002,44514,0,17865,64732,485,249,18086,29,448,354,819.0,72.0
Himachal Pradesh,Kullu,31.90911922077925,77.40922649350647,26,Kullu,437903,225452,212451,307672,174550,133122,167995,20709,91322,415669,1568,1396,15377,94,2974,2623,942.0,70.0
Himachal Pradesh,Mandi,31.635805940594054,76.96556930693067,27,Mandi,999777,498065,501712,723747,393669,330078,431129,31696,214491,981412,876,4081,2628,43,9460,5333,1007.0,72.0
Himachal Pradesh,Shimla,31.155725451807253,77.62573042168668,33,Shimla,814010,425039,388971,612642,342846,269796,279269,95896,172754,791449,2025,4047,3262,185,11810,9177,915.0,75.0
Himachal Pradesh,Sirmaur,30.682764453961443,77.43184689507493,32,Sirmaur,529855,276289,253566,362645,205617,157028,171102,21054,91509,476830,577,15501,2645,236,33215,2220,918.0,68.0
Himachal Pradesh,Solan,31.03864311926604,76.94442140672783,31,Solan,580320,308754,271566,428578,244372,184206,192787,51509,119866,548579,1452,13926,574,591,14678,5250,880.0,74.0
Himachal Pradesh,Una,31.58330388349513,76.18353932038836,29,Una,521173,263692,257481,399715,213281,186434,185091,20126,105929,480138,390,26009,56,70,14275,2412,976.0,77.0
Jammu and Kashmir,Doda,33.359614675767915,76.07163720136518,16,Doda,409936,213641,196295,219083,138620,80463,122267,11350,61831,187621,472,422,21,22,220614,596,919.0,53.0
Jammu and Kashmir,Jammu,32.713199095022645,74.8477520361991,21,Jammu,1529958,813821,716137,1137135,641916,495219,254566,248043,294739,1289240,12104,114272,470,1987,107489,19905,880.0,74.0
Jammu and Kashmir,Kargil,33.565994894894914,76.63675315315312,4,Kargil,140802,77785,63017,86236,56301,29935,40370,7774,15824,10341,604,1171,20126,28,108239,235,810.0,61.0
Jammu and Kashmir,Kathua,32.51781678321678,75.58901398601404,7,Kathua,616435,326109,290326,389204,228499,160705,181374,33473,109422,540063,1828,9551,24,16,64234,1443,890.0,63.0
Jammu and Kashmir,Pulwama,33.88414418604652,75.00921860465118,12,Pulwama,560440,293064,267376,293958,178326,115632,147520,21703,73629,13840,1109,9440,35,6,535159,1537,912.0,52.0
Jammu and Kashmir,Punch,33.791241290322574,74.29593161290322,5,Punch,476835,251899,224936,261724,163333,98391,132139,15269,62900,32604,958,11188,83,10,431279,346,893.0,55.0
Jammu and Kashmir,Srinagar,34.27312898550724,75.11021159420288,10,Srinagar,1236829,651124,585705,748584,431746,316838,4518,257721,165403,42540,2746,12187,285,74,1177342,16413,900.0,61.0
Jammu and Kashmir,Udhampur,33.04770670731707,75.15286951219511,19,Udhampur,554985,296784,258201,322354,197543,124811,148664,34696,73999,489044,1962,3418,106,57,59771,1214,870.0,58.0
Jharkhand,Bokaro,23.6814965034965,85.98398374125864,355,Bokaro,2062330,1072807,989523,1273520,759088,514432,250312,258452,274726,1636460,13730,4174,1890,2045,241451,9754,922.0,62.0
Jharkhand,Chatra,24.11619945750453,84.93295804701627,347,Chatra,1042886,533935,508951,510061,303902,206159,200974,14528,27037,903179,6565,888,35,129,116710,590,953.0,49.0
Jharkhand,Deoghar,24.33070100755672,86.75697632241814,350,Deoghar,1492073,775022,717051,793538,489837,303701,257373,64337,130193,1165140,6027,143,188,282,302626,1944,925.0,53.0
Jharkhand,Dhanbad,23.854509090909097,86.40372924901185,354,Dhanbad,2684487,1405956,1278531,1722204,1014950,707254,258764,405455,427173,2149480,11243,9727,331,1268,431762,11568,909.0,64.0
Jharkhand,Dumka,24.275006125574265,87.27662450229711,362,Dumka,1321442,668514,652928,672409,406275,266134,303697,23281,62110,1044726,86404,234,267,162,106865,1193,977.0,51.0
Jharkhand,Garhwa,24.082114689265527,83.68664265536722,346,Garhwa,1322784,683575,639209,653476,405161,248315,272872,19180,29373,1104475,17168,123,371,20,194680,565,935.0,49.0
Jharkhand,Giridih,24.30578509874329,86.08710915619386,349,Giridih,2445474,1258098,1187376,1253475,783736,469739,452564,46886,125431,1856202,14645,937,650,1503,508586,1944,944.0,51.0
Jharkhand,Godda,24.8189,87.2941735483871,351,Godda,1313551,677927,635624,604519,376212,228307,276454,15576,43230,937126,37795,97,128,115,289182,874,938.0,46.0
Jharkhand,Gumla,23.078532948929148,84.55056787479396,366,Gumla,1025213,514390,510823,559720,321795,237925,216629,16445,31687,309563,202449,221,531,23,51429,831,993.0,55.0
Jharkhand,Jamtara,23.97873318077801,86.95325080091534,363,Jamtara,791042,404830,386212,426312,258260,168052,165555,20113,49419,550560,4419,520,118,783,164406,808,954.0,54.0
Jharkhand,Latehar,23.72511185840708,84.48298743362837,359,Latehar,726978,369666,357312,350682,209706,140976,146377,14137,38194,473049,47653,120,128,16,69808,340,967.0,48.0
Jharkhand,Lohardaga,23.488796043165483,84.6605169064748,356,Lohardaga,461790,232629,229161,259707,149568,110139,96759,14725,28769,112378,16770,51,33,15,95012,351,985.0,56.0
Jharkhand,Pakur,24.57260428082189,87.69691969178076,353,Pakur,900422,452661,447761,352881,206989,145892,200588,16587,31414,410127,75865,356,283,222,322963,328,989.0,39.0
Jharkhand,Palamu,24.196925968109337,84.20310842824594,358,Palamu,1939869,1006302,933567,1024563,621706,402857,355529,52375,68238,1683169,6164,734,188,284,238295,2155,928.0,53.0
Jharkhand,Ranchi,23.184235061391547,85.31781937244203,364,Ranchi,2914253,1494937,1419316,1911433,1085244,826189,420740,310242,350908,1612239,193974,4826,932,2733,410759,22538,949.0,66.0
Jharkhand,Sahibganj,24.93667989690721,87.68264097938142,352,Sahibganj,1150567,589391,561176,483263,287303,195960,223450,37543,34879,628044,83208,198,245,125,398243,591,952.0,42.0
Jharkhand,Simdega,22.608760391198054,84.59193691931536,367,Simdega,599578,300309,299269,343483,191991,151492,144169,11114,16865,201524,306601,51,753,114,15103,423,997.0,57.0
Karnataka,Bagalkot,16.15860676328503,75.64526070853468,556,Bagalkot,1889752,950111,939641,1113412,641388,472024,324799,165858,301389,1634229,3433,443,412,25198,219991,3745,989.0,59.0
Karnataka,Bangalore Rural,12.936827087794448,77.47369314775169,583,Bangalore Rural,990923,509172,481751,688749,385311,303438,231052,95410,214253,890429,5368,389,272,1045,92252,3729,946.0,70.0
Karnataka,Belgaum,16.16107219152853,74.72329042357275,555,Belgaum,4779661,2423063,2356598,3052032,1725548,1326484,962777,356198,808827,4038331,18418,2037,1086,178310,528412,17560,973.0,64.0
Karnataka,Bellary,15.074377548209377,76.47228471074374,565,Bellary,2452595,1236954,1215641,1421621,813440,608181,371604,251876,440374,2103633,14014,1029,284,8044,320834,9626,983.0,58.0
Karnataka,Bidar,17.950361730769224,77.19459961538459,558,Bidar,1703300,870665,832635,1042673,597198,445475,287134,102269,271439,1289709,35438,1145,30453,680,335184,3971,956.0,61.0
Karnataka,Bijapur,16.84015316666667,75.95909166666665,417,Bijapur,255230,128663,126567,86919,54076,32843,50449,7942,12516,245151,2709,68,1649,15,1617,117,984.0,34.0
Karnataka,Bijapur,16.84015316666667,75.95909166666665,557,Bijapur,2177331,1111022,1066309,1248268,730566,517702,396449,131041,326594,1786830,2433,558,374,8665,369588,4987,960.0,57.0
Karnataka,Chikmagalur,13.425288289676422,75.67626502311249,570,Chikmagalur,1137961,566622,571339,818345,438257,380088,311660,80766,238505,1004553,26000,182,109,4710,101235,4510,1008.0,72.0
Karnataka,Chitradurga,14.29102220394736,76.57821957236843,566,Chitradurga,1659456,840843,818613,1087392,607188,480204,349704,97644,307257,1520553,3175,322,84,3778,128751,5711,974.0,66.0
Karnataka,Davanagere,14.330414586709884,75.91723841166937,567,Davanagere,1945497,986400,959097,1308540,720637,587903,354680,176011,372671,1658465,5420,307,164,6417,265805,7320,972.0,67.0
Karnataka,Dharwad,15.343831376975173,75.13831264108359,562,Dharwad,1847023,937206,909817,1301664,711776,589888,199707,283397,347962,1390020,28747,1486,715,29037,386834,15013,971.0,70.0
Karnataka,Gadag,15.507128256880746,75.64861302752298,561,Gadag,1064570,537147,527423,700177,397178,302999,180066,111906,198064,907750,3432,231,79,5993,143665,3373,982.0,66.0
Karnataka,Gulbarga,17.070459515951594,76.87503850385033,579,Gulbarga,2566326,1301755,1264571,1427368,828359,599009,400704,199303,404767,2011014,8344,826,9589,4865,513125,9752,971.0,56.0
Karnataka,Hassan,12.945098749999998,76.11049549999997,574,Hassan,1776421,883667,892754,1225256,668836,556420,496103,132878,400702,1630814,15611,289,623,5820,120011,4851,1010.0,69.0
Karnataka,Haveri,14.737582809224318,75.3961230607966,564,Haveri,1597668,819128,778540,1085443,603793,481650,315076,98488,295937,1281878,2406,419,68,9834,297927,2456,950.0,68.0
Karnataka,Kodagu,12.39684468085106,75.79336595744688,576,Kodagu,554519,274608,279911,412877,215302,197575,181182,31792,113931,448986,17130,139,126,250,87274,3308,1019.0,74.0
Karnataka,Kolar,13.312799881235172,78.01376947743476,581,Kolar,1536401,776396,760005,1016219,564110,452109,326567,151042,309494,1305431,26722,253,150,2494,199873,5051,979.0,66.0
Karnataka,Koppal,15.651253271028034,76.1617048598131,560,Koppal,1389920,699926,689994,809085,468785,340300,272968,64681,223166,1218024,4081,296,85,2898,161770,2135,986.0,58.0
Karnataka,Mandya,12.574901806239744,76.81570098522172,573,Mandya,1805769,905085,900684,1149649,638668,510981,458867,103435,391033,1712695,8506,322,299,3607,77801,3367,995.0,64.0
Karnataka,Mysore,12.248100259403367,76.52881802853437,577,Mysore,3001127,1511600,1489527,1962180,1063766,898414,540596,380386,640868,2631985,39361,1255,16194,14419,290549,28397,985.0,65.0
Karnataka,Raichur,16.050795353982295,76.87368606194688,559,Raichur,1928812,964511,964301,979769,577213,402556,330446,125402,314547,1634062,10394,538,2265,4156,272022,5200,1000.0,51.0
Karnataka,Shimoga,14.063845885634592,75.17882078103197,568,Shimoga,1752753,877415,875338,1263016,674938,588078,352444,201662,363835,1479424,26521,400,120,9234,234664,8791,998.0,72.0
Karnataka,Tumkur,13.592467760074973,77.02297966260545,571,Tumkur,2678980,1350594,1328386,1813391,1006024,807367,685443,204799,562769,2413812,9130,477,187,5067,245923,7971,984.0,68.0
Karnataka,Udupi,13.450404228534568,74.72009990316337,569,Udupi,1177361,562131,615230,926429,465704,460725,269817,115572,224814,1009179,65838,232,161,4534,96740,9070,1094.0,79.0
Kerala,Alappuzha,9.542602965599087,76.38010796263319,598,Alappuzha,2127789,1013142,1114647,1852797,890552,962245,331419,392117,507913,1460447,435056,268,146,74,224545,28842,1100.0,87.0
Kerala,Ernakulam,10.004879301987431,76.26957729035381,595,Ernakulam,3282388,1619557,1662831,2855676,1425723,1429953,369694,804997,771287,1509557,1248137,860,614,1176,514397,88737,1027.0,87.0
Kerala,Idukki,9.80480963855423,77.04586641566264,596,Idukki,1108974,552808,556166,923010,471881,451129,391610,20823,244844,541854,481507,100,189,44,82206,8250,1006.0,83.0
Kerala,Kannur,11.941523076923056,75.35209891725934,589,Kannur,2523003,1181446,1341557,2138434,1012956,1125478,306288,566191,511167,1509592,262526,424,1118,193,742483,32653,1136.0,85.0
Kerala,Kasaragod,12.33310309912974,75.07768497134369,588,Kasaragod,1307375,628613,678762,1037492,516476,521016,251641,166164,237670,729987,87454,151,362,130,486913,10378,1080.0,79.0
Kerala,Kollam,8.929388820570157,76.6360775852431,600,Kollam,2635375,1246968,1388407,2240273,1074345,1165928,523715,401415,630767,1697635,421598,208,272,63,508500,31542,1113.0,85.0
Kerala,Kottayam,9.643701174068417,76.46059673302705,597,Kottayam,1974551,968289,1006262,1749798,861592,888206,481967,196194,464039,983598,858608,204,358,83,126499,37849,1039.0,89.0
Kerala,Kozhikode,11.392924270557026,75.71158720159153,591,Kozhikode,3086293,1470942,1615351,2615443,1266939,1348504,323793,666543,641660,1734958,131516,297,235,601,1211131,36791,1098.0,85.0
Kerala,Malappuram,10.97329875666072,75.93910775606876,592,Malappuram,4112920,1960328,2152592,3311315,1597404,1713911,634543,522586,730119,1135259,81556,205,179,68,2888849,27909,1098.0,81.0
Kerala,Palakkad,10.784926903553291,76.49980490693744,593,Palakkad,2809934,1359478,1450456,2239492,1122600,1116892,665899,228442,587583,1875980,114397,220,238,78,812936,27162,1067.0,80.0
Kerala,Thiruvananthapuram,8.537101759082221,76.88711502868073,601,Thiruvananthapuram,3301427,1581678,1719749,2785408,1354857,1430551,559293,609824,783872,2194057,630573,404,301,76,452915,71621,1087.0,84.0
Kerala,Thrissur,10.458932647907687,76.12321940836945,594,Thrissur,3121200,1480763,1640437,2678548,1282261,1396287,336748,715119,721625,1823442,757484,259,278,62,532839,56148,1108.0,86.0
Kerala,Wayanad,11.715277464788736,76.07587007042254,590,Wayanad,817420,401684,415736,645585,328136,317449,266183,11805,149864,404460,174453,61,312,1797,234185,4712,1035.0,79.0
Madhya Pradesh,Anuppur,23.18184220430107,81.86560000000007,461,Anuppur,749237,379114,370123,436595,254120,182475,147388,60325,81338,686524,2132,606,86,1653,21473,1290,976.0,58.0
Madhya Pradesh,Ashoknagar,24.63098846153845,77.82974493927134,459,Ashoknagar,845071,443837,401234,469109,290304,178805,169606,37135,84720,778214,635,8009,1352,15094,40707,619,904.0,56.0
Madhya Pradesh,Balaghat,21.80020720640569,80.42170053380796,457,Balaghat,1701698,842178,859520,1147623,626468,521155,400074,70793,277927,1519384,5295,1050,72162,4778,38542,1712,1021.0,67.0
Madhya Pradesh,Barwani,21.702135714285724,74.91004719710673,441,Barwani,1385881,699340,686541,549926,313642,236284,250358,48912,181139,1318869,2967,2361,416,2289,58222,1158,982.0,40.0
Madhya Pradesh,Betul,21.964626315789477,77.7873428189117,447,Betul,1575362,799236,776126,939769,529783,409986,318945,87704,230974,1505745,3271,1078,9651,3759,37590,2109,971.0,60.0
Madhya Pradesh,Bhind,26.35951126187245,78.7618324287653,420,Bhind,1703005,926843,776162,1094917,676513,418404,271211,88385,107819,1595400,973,4047,12215,19950,66776,1166,837.0,64.0
Madhya Pradesh,Bhopal,23.480726143790854,77.39246623093679,444,Bhopal,2371061,1236130,1134931,1660690,920314,740376,118893,581826,452912,1755861,23432,10789,21688,25950,525434,40788,918.0,70.0
Madhya Pradesh,Burhanpur,21.364567254408065,76.24460478589425,467,Burhanpur,757847,388504,369343,408679,233073,175606,115979,62861,112420,552526,1199,1074,19883,1884,180840,986,951.0,54.0
Madhya Pradesh,Chhatarpur,24.813637376460004,79.56449299191374,425,Chhatarpur,1762375,936121,826254,943033,572010,371023,375869,95048,176056,1676918,1980,968,250,10409,70351,1880,883.0,54.0
Madhya Pradesh,Chhindwara,22.227966971713823,78.76413136439254,455,Chhindwara,2090922,1064468,1026454,1294198,731294,562904,413142,140802,344875,1923920,4893,2258,24471,7830,100692,3588,964.0,62.0
Madhya Pradesh,Damoh,23.76624407960196,79.47049303482588,428,Damoh,1264219,661873,602346,747715,445737,301978,303387,66514,187731,1186420,1681,1096,119,25005,47966,1432,910.0,59.0
Madhya Pradesh,Datia,25.90226439560441,78.63916571428574,422,Datia,786754,420157,366597,491445,303815,187630,160453,43401,97696,747693,683,490,7923,453,28483,616,873.0,62.0
Madhya Pradesh,Dewas,22.7851110021322,76.46088805970157,437,Dewas,1563715,805359,758356,925369,550716,374653,274995,101014,270457,1376591,2355,2330,382,6497,174259,3518,942.0,59.0
Madhya Pradesh,Dhar,22.572681718963157,75.1105620736698,438,Dhar,2185793,1112725,1073068,1077338,638479,438859,412348,103364,349639,2051219,2261,1607,328,12199,116202,2388,964.0,49.0
Madhya Pradesh,Dindori,22.83738437047757,81.04332966714911,453,Dindori,704524,351913,352611,378714,222759,155955,218021,9774,62372,605435,4238,260,61,687,6736,554,1002.0,54.0
Madhya Pradesh,Guna,24.49043927178156,77.2235895968791,458,Guna,1241519,649362,592157,653980,400537,253443,212765,72320,144248,1172248,1208,3271,529,13474,49203,2482,912.0,53.0
Madhya Pradesh,Gwalior,26.04074441964285,78.12782433035713,421,Gwalior,2032036,1090327,941709,1357210,803114,554096,172720,272172,306859,1835299,4119,24790,4361,18058,141735,15779,864.0,67.0
Madhya Pradesh,Harda,22.227659781121783,77.07022571819435,448,Harda,570465,294838,275627,352550,203807,148743,112714,31845,95066,527462,683,676,93,1573,38640,986,935.0,62.0
Madhya Pradesh,Hoshangabad,22.595268801996703,78.02168094841929,449,Hoshangabad,1241350,648725,592625,810644,469199,341445,209650,105746,198076,1175203,4453,3127,1550,3888,52269,2871,914.0,65.0
Madhya Pradesh,Indore,22.680265752128648,75.9133801324502,439,Indore,3276697,1699627,1577070,2309130,1289631,1019499,200371,587947,593576,2728225,18523,25696,11496,71667,415142,48691,928.0,70.0
Madhya Pradesh,Jabalpur,23.18525572327043,79.98328754716981,451,Jabalpur,2463289,1277278,1186011,1756468,980307,776161,272284,352477,452023,2159065,23142,13256,4320,33728,203652,20443,929.0,71.0
Madhya Pradesh,Jhabua,22.419578015397768,74.40921616766468,464,Jhabua,1025048,515023,510025,352081,214582,137499,211080,24713,125411,960925,38423,141,65,8871,15733,744,990.0,34.0
Madhya Pradesh,Katni,23.724416229116937,80.33819665871127,450,Katni,1292042,662013,630029,790773,460583,330190,276151,72880,172416,1240650,3158,1167,157,5342,37232,2179,952.0,61.0
Madhya Pradesh,Mandla,22.70348712446353,80.38600543633753,454,Mandla,1054905,525272,529633,604962,348033,256929,279674,37258,143803,849518,12450,436,297,1789,16558,912,1008.0,57.0
Madhya Pradesh,Mandsaur,24.19278764044944,75.43588667736759,433,Mandsaur,1340411,682851,657560,834591,502898,331693,302287,81832,239885,1192588,1120,849,242,19029,125548,2324,963.0,62.0
Madhya Pradesh,Morena,26.37313504531724,77.88447341389724,419,Morena,1965970,1068417,897553,1179685,747652,432033,319298,95288,131486,1875495,1092,557,3234,6681,76159,1781,840.0,60.0
Madhya Pradesh,Neemuch,24.70311893333336,75.06608186666664,432,Neemuch,826067,422653,403414,508834,307889,200945,174235,67962,145258,741288,1508,1110,224,14165,67324,1945,954.0,62.0
Madhya Pradesh,Panna,24.451325840092657,80.21133001158752,426,Panna,1016520,533480,483040,552559,332140,220419,256744,32179,76097,974748,418,186,37,4734,35214,653,905.0,54.0
Madhya Pradesh,Raisen,23.292518206521724,78.16305495923909,446,Raisen,1331597,700358,631239,820220,479093,341127,251272,74441,194373,1195235,1725,2262,253,10637,120331,1141,901.0,62.0
Madhya Pradesh,Rajgarh,23.785499026425583,76.66431223922116,442,Rajgarh,1545814,790212,755602,804245,488797,315448,331894,69823,231130,1433879,1243,460,121,1599,106928,1611,956.0,52.0
Madhya Pradesh,Ratlam,23.503562290502792,75.14895782122909,434,Ratlam,1455069,738241,716828,825880,485090,340790,266716,107151,213825,1267043,3996,1353,175,29353,151071,3644,971.0,57.0
Madhya Pradesh,Rewa,24.861184625158856,81.57572465057183,430,Rewa,2365106,1225100,1140006,1441757,845572,596185,523910,94489,251132,2268838,1964,832,986,655,85414,3406,931.0,61.0
Madhya Pradesh,Sagar,23.800318709677374,78.71940357771273,427,Sagar,2378458,1256257,1122201,1545719,908607,637112,448408,165507,366494,2198297,5580,4146,991,62992,103480,4546,893.0,65.0
Madhya Pradesh,Satna,24.62777621776502,80.75547048710598,429,Satna,2228935,1157495,1071440,1371781,801051,570730,461831,114173,294702,2158623,2228,1163,364,3135,59471,3754,926.0,62.0
Madhya Pradesh,Sehore,22.9297199679658,77.06780202883085,445,Sehore,1311332,683743,627589,780362,469208,311154,270427,59220,212138,1163607,1404,640,357,6232,137980,1566,918.0,60.0
Madhya Pradesh,Seoni,22.33230487804874,79.66053863928111,456,Seoni,1379131,695879,683252,864194,485341,378853,335045,47542,228695,1145052,1857,360,7288,4982,79739,1182,982.0,63.0
Madhya Pradesh,Shahdol,23.44859864559819,81.4596831828442,460,Shahdol,1066063,540021,526042,604194,348761,255433,233594,57846,113184,997073,2372,912,268,1737,42426,1733,974.0,57.0
Madhya Pradesh,Shajapur,23.566620317220547,76.33555181268885,436,Shajapur,1512681,780520,732161,894612,543509,351103,312611,73997,232735,1321003,815,631,179,13755,174724,1382,938.0,59.0
Madhya Pradesh,Sheopur,25.78014810996563,77.16911116838484,418,Sheopur,687861,361784,326077,328025,208201,119824,150146,26376,74770,638702,230,6387,201,379,41396,273,901.0,48.0
Madhya Pradesh,Shivpuri,25.37802451874367,77.74861600810549,423,Shivpuri,1726050,919795,806255,900846,573242,327604,367859,66759,148128,1648749,1117,7151,3421,12171,51200,1852,877.0,52.0
Madhya Pradesh,Sidhi,24.17547189952905,82.1053783359498,462,Sidhi,1127033,575912,551121,600785,353030,247755,250953,25916,102228,1077545,511,128,92,93,34419,837,957.0,53.0
Madhya Pradesh,Tikamgarh,25.14099852104666,78.89357064846428,424,Tikamgarh,1445166,760355,684811,747940,459353,288587,322772,60220,132725,1383475,588,251,109,15569,44143,1090,901.0,52.0
Madhya Pradesh,Ujjain,23.319288862745065,75.80383717647058,435,Ujjain,1986864,1016289,970575,1240990,730817,510173,300765,188684,323379,1718204,4659,3241,945,24622,233133,7501,955.0,62.0
Madhya Pradesh,Umaria,23.59601063063061,80.90879477477475,431,Umaria,644758,330674,314084,356672,210907,145765,138100,29966,67975,620515,667,190,70,220,15966,839,950.0,55.0
Madhya Pradesh,Vidisha,23.82838307984792,77.9013507604563,443,Vidisha,1458875,769568,689307,862918,512344,350574,292579,83830,181510,1287391,1313,914,295,18490,149548,1926,896.0,59.0
Maharashtra,Akola,20.746310479041902,77.12122320359276,501,Akola,1813906,932334,881572,1411281,758977,652304,308158,196077,314490,1107809,4483,1504,328033,10205,357253,6163,946.0,78.0
Maharashtra,Amravati,21.16520991810736,77.67583503184723,503,Amravati,2888445,1480768,1407677,2251875,1207104,1044771,508921,272894,512492,2055177,7223,2242,383891,11360,421410,9438,951.0,78.0
Maharashtra,Aurangabad,20.0979228832952,75.32072196796334,235,Aurangabad,2540073,1318684,1221389,1466002,868733,597269,428291,49006,44456,2291133,2218,295,334,775,237353,2362,926.0,58.0
Maharashtra,Aurangabad,20.0979228832952,75.32072196796334,515,Aurangabad,3701282,1924469,1776813,2503837,1430936,1072901,551789,427343,589477,2545438,15991,5142,309093,30981,786677,23258,923.0,68.0
Maharashtra,Bhandara,21.211792649727748,80.10950199637024,506,Bhandara,1200334,605520,594814,899860,488709,411151,283843,72575,227025,1009352,2145,831,154458,1017,26502,2932,982.0,75.0
Maharashtra,Bid,18.952353340080982,75.69319706477731,523,Bid,2585049,1349106,1235943,1718507,987185,731322,563114,135457,402052,2174672,2097,824,68482,8719,320395,5614,916.0,66.0
Maharashtra,Buldana,20.56680611183355,76.39017880364096,500,Buldana,2586258,1337560,1248698,1879874,1048892,830982,575405,152787,423036,1845424,3531,1668,364229,12242,354236,4767,934.0,73.0
Maharashtra,Chandrapur,20.095609090909075,79.31556380471388,509,Chandrapur,2204307,1123834,1080473,1578615,872565,706050,451324,233331,418666,1780085,10701,5251,286734,3861,92297,8239,961.0,72.0
Maharashtra,Dhule,21.274018690400517,74.58719071837263,498,Dhule,2050862,1054031,996831,1293916,723388,570528,382777,146013,315332,1825460,3653,1422,13405,12818,187901,6065,946.0,63.0
Maharashtra,Gondiya,21.225008411214997,80.17522698598128,507,Gondiya,1322507,661554,660953,1004243,542837,461406,319702,66813,239981,1153861,1827,2160,125282,1568,26157,2866,999.0,76.0
Maharashtra,Hingoli,19.59525302245251,77.09239412780653,512,Hingoli,1177345,606294,571051,790743,450551,340192,242456,41913,159114,863199,992,643,176679,5278,127552,1221,942.0,67.0
Maharashtra,Jalgaon,20.8828943415638,75.55140421810695,499,Jalgaon,4229917,2197365,2032552,2891882,1629223,1262659,796223,373565,720791,3457615,7091,3091,143865,27404,560261,14297,925.0,68.0
Maharashtra,Jalna,19.984612534818933,75.98473607242339,514,Jalna,1959046,1011473,947573,1195523,699428,496095,404746,98084,288895,1504641,12542,1629,152540,9619,274221,3791,937.0,61.0
Maharashtra,Kolhapur,16.44881301587301,74.12897150793648,530,Kolhapur,3876001,1980658,1895343,2825845,1559760,1266085,796496,382818,770005,3379906,15573,1570,29766,154882,286558,22269,957.0,73.0
Maharashtra,Latur,18.348687268993856,76.75812607802874,524,Latur,2454196,1273140,1181056,1650672,932432,718240,428616,157016,381722,2006984,2387,935,66535,6387,367664,6217,928.0,67.0
Maharashtra,Nagpur,21.196556862745105,79.02166176470584,505,Nagpur,4653570,2384975,2268595,3673808,1959220,1714588,430844,877522,917626,3492202,34667,20469,668050,24528,390974,57964,951.0,79.0
Maharashtra,Nanded,19.209316983017,77.6829048951049,511,Nanded,3361292,1730075,1631217,2189425,1255222,934203,591119,230563,488748,2501741,3902,13540,354189,5049,471951,7548,943.0,65.0
Maharashtra,Nandurbar,21.523175625248147,74.32638757443429,497,Nandurbar,1648295,833170,815125,906509,512099,394410,333440,71572,186202,1521618,8467,685,4969,6191,96182,2579,978.0,55.0
Maharashtra,Nashik,20.266912871287143,74.03824168316828,516,Nashik,6107187,3157186,2950001,4345366,2397538,1947828,904661,764271,904710,5237009,23946,8912,94783,38212,693052,45039,934.0,71.0
Maharashtra,Osmanabad,18.19459456066944,75.99495575313809,525,Osmanabad,1657576,861535,796041,1137810,644304,493506,367158,77832,240042,1437623,942,340,28216,4530,178925,3209,924.0,69.0
Maharashtra,Parbhani,19.31032425249168,76.70163338870431,513,Parbhani,1836086,942870,893216,1157814,666291,491523,293480,133759,272486,1328385,2081,1371,187899,6238,306364,3982,947.0,63.0
Maharashtra,Pune,18.51696171428573,74.12922881632647,521,Pune,9429408,4924105,4505303,7171723,3940210,3231513,1165718,2056739,1925019,8090254,134192,27090,340404,127786,673704,235018,915.0,76.0
Maharashtra,Raigarh,18.453257637845976,73.0090609418579,403,Raigarh,1493984,750278,743706,951639,542756,408883,354278,66638,297308,1422986,47653,2117,781,409,17332,3342,991.0,64.0
Maharashtra,Raigarh,18.453257637845976,73.0090609418579,520,Raigarh,2634200,1344345,1289855,1939994,1059692,880302,581868,377160,547206,2239370,17452,7477,121791,12260,227465,38570,959.0,74.0
Maharashtra,Ratnagiri,17.210195070127703,73.25725893866404,528,Ratnagiri,1615069,761121,853948,1199392,619012,580380,538538,100824,367352,1307211,1990,230,113467,3347,187197,7752,1122.0,74.0
Maharashtra,Sangli,17.154930181086502,74.70713822937628,531,Sangli,2822143,1435728,1386415,2049467,1121550,927917,626872,226801,485126,2440312,9098,1260,38210,87453,239607,13212,966.0,73.0
Maharashtra,Satara,17.6737908974359,74.18052064102558,527,Satara,3003741,1510842,1492899,2225694,1201034,1024660,774522,200949,562653,2691952,4408,1182,141315,12810,146970,14093,988.0,74.0
Maharashtra,Sindhudurg,16.170948049777163,73.51329008172343,529,Sindhudurg,849651,417332,432319,666067,348289,317778,295847,44989,194228,780384,15471,219,24762,1046,26264,3517,1036.0,78.0
Maharashtra,Solapur,17.837357937584812,75.42394823609216,526,Solapur,4317756,2227852,2089904,2910676,1651266,1259410,779929,376302,595560,3795424,9882,1279,35497,28134,441254,15145,938.0,67.0
Maharashtra,Thane,19.698767747440264,72.79882742564581,517,Thane,11060148,5865078,5195070,8227161,4591396,3635765,713994,2904157,2231800,8716055,280700,39149,449617,172052,1355630,256170,886.0,74.0
Maharashtra,Wardha,20.80743024390242,78.57259105691062,504,Wardha,1300774,668385,632389,1019458,552617,466841,268486,120218,266155,1057096,2696,2147,175417,5663,53854,4313,946.0,78.0
Maharashtra,Washim,20.282282394366213,77.25502394366208,502,Washim,1197160,620302,576858,869917,487703,382214,274925,55921,196022,859949,1707,518,179330,8476,142672,1875,930.0,73.0
Maharashtra,Yavatmal,20.04258346738159,78.05326371760479,510,Yavatmal,2772348,1419965,1352383,2022574,1115980,906594,629243,168889,446516,2251401,4567,1596,249874,11422,239236,6094,952.0,73.0
Manipur,Bishnupur,24.50712111801243,93.8246236024845,275,Bishnupur,237399,118782,118617,156333,87313,69020,34977,21172,34364,175102,4264,56,76,16,18691,676,999.0,66.0
Manipur,Chandel,24.2635812987013,94.09443844155844,280,Chandel,144182,74579,69603,90302,51053,39249,30377,3783,18764,10810,129049,136,400,59,3086,184,933.0,63.0
Manipur,Churachandpur,24.30309718875504,93.38671506024085,274,Churachandpur,274143,138820,135323,195935,104013,91922,52972,4853,29894,12034,254979,152,495,87,2886,837,975.0,71.0
Manipur,Senapati,25.08465586034914,94.03366234413956,272,Senapati,479148,247323,231825,264477,148012,116465,38008,1826,22798,43833,426819,140,2409,53,1649,256,937.0,55.0
Manipur,Tamenglong,24.98312942238265,93.49450740072204,273,Tamenglong,140651,72371,68280,85006,47403,37603,23982,4119,11541,2995,134760,59,425,57,589,125,943.0,60.0
Manipur,Thoubal,24.545392553191498,93.97959893617023,276,Thoubal,422168,210845,211323,269304,152617,116687,65961,38302,49507,267146,4322,106,114,24,107323,880,1002.0,64.0
Manipur,Ukhrul,25.05900314960629,94.44129566929138,279,Ukhrul,183998,94718,89280,129829,70148,59681,36084,5806,14026,7553,174112,108,635,70,1115,276,943.0,71.0
Meghalaya,East Garo Hills,25.82728228228228,90.64684924924916,294,East Garo Hills,317917,161223,156694,192147,102513,89634,62698,11518,24550,17272,289708,56,1004,38,3359,288,972.0,60.0
Meghalaya,East Khasi Hills,25.303763888888884,91.75922519841272,298,East Khasi Hills,825922,410749,415173,578030,287270,290760,106248,108843,135941,144935,543394,2495,3111,303,14185,5032,1011.0,70.0
Meghalaya,Jaintia Hills,25.33959557069844,92.37608160136298,299,Jaintia Hills,395124,196285,198839,187527,87371,100156,76546,7171,41677,12456,271596,34,284,45,1646,510,1013.0,47.0
Meghalaya,South Garo Hills,25.240568578553614,90.64560349127176,295,South Garo Hills,142334,73170,69164,82062,45003,37059,35930,3713,10940,7036,132984,27,332,10,1050,179,945.0,58.0
Meghalaya,West Garo Hills,25.495285185185185,90.03709947089942,293,West Garo Hills,643291,324159,319132,358702,193438,165264,139351,18594,51301,122936,389956,209,3392,144,106788,1630,984.0,56.0
Meghalaya,West Khasi Hills,25.500889926739926,91.25364542124538,296,West Khasi Hills,383461,193715,189746,230678,117307,113371,74832,12299,32873,6498,366881,58,1313,38,1533,149,980.0,60.0
Mizoram,Aizawl,23.90781335453101,92.85359459459472,283,Aizawl,400309,199270,201039,340595,169547,171048,20570,80341,79804,13249,379134,105,1570,76,5264,4019,1009.0,85.0
Mizoram,Champhai,23.54166580976866,93.24221799485862,284,Champhai,125745,63388,62357,100802,51440,49362,18395,12717,23948,1075,123446,9,151,45,699,186,984.0,80.0
Mizoram,Kolasib,24.2020004347826,92.73470391304348,282,Kolasib,83955,42918,41037,65895,34147,31748,9669,12507,14853,4000,75210,16,108,2,4426,367,956.0,78.0
Mizoram,Lawngtlai,22.36102843137253,92.66964156862753,287,Lawngtlai,117894,60599,57295,62861,36444,26417,21993,5273,9283,1668,63892,52,51549,122,522,162,945.0,53.0
Mizoram,Lunglei,23.007717036172675,92.63512555425892,286,Lunglei,161428,82891,78537,121122,64515,56607,21479,17315,26394,5231,127124,74,27543,93,1290,482,947.0,75.0
Mizoram,Mamit,23.73852942502819,92.4330803833147,281,Mamit,86364,44828,41536,60191,32977,27214,16726,4129,12158,2989,69104,13,12328,25,1782,90,927.0,70.0
Mizoram,Saiha,22.35744801061008,93.02827931034489,288,Saiha,56574,28594,27980,42233,21861,20372,7043,5784,7400,933,54977,11,102,4,514,168,979.0,75.0
Mizoram,Serchhip,23.263864705882344,92.914158496732,285,Serchhip,64937,32851,32086,54476,27598,26878,7472,8018,12315,991,63444,6,60,9,335,131,977.0,84.0
Nagaland,Dimapur,25.814176811594223,93.75074057971014,265,Dimapur,378811,197394,181417,278037,150142,127895,49116,62853,71413,108900,234239,566,1270,2148,31212,3303,919.0,73.0
Nagaland,Kohima,25.60311428571428,93.78600657596373,270,Kohima,267988,138966,129022,197489,107038,90451,31845,44255,50724,25496,234955,998,1519,80,4384,1928,928.0,74.0
Nagaland,Mokokchung,26.478911764705888,94.522426006192,262,Mokokchung,194622,101092,93530,159494,83479,76015,37536,17742,40154,9840,181847,78,442,66,2057,537,925.0,82.0
Nagaland,Mon,26.69207374301676,95.03072988826828,261,Mon,250260,131753,118507,119626,67432,52194,43607,7415,14398,8102,236494,84,1256,314,3444,178,899.0,48.0
Nagaland,Phek,25.63272986577182,94.56814563758392,266,Phek,163418,83743,79675,105893,57926,47967,38903,7295,36182,3563,158224,31,350,17,950,170,951.0,65.0
Nagaland,Tuensang,26.21104453280316,94.85809880715708,267,Tuensang,196596,101933,94663,117511,63653,53858,40690,9451,24998,2979,191864,27,572,5,1052,155,929.0,60.0
Nagaland,Wokha,26.202611551155112,94.1990815181518,264,Wokha,166343,84505,81838,128208,67385,60823,38499,8170,25268,5605,158236,34,318,8,2043,198,968.0,77.0
Nagaland,Zunheboto,26.028178205128206,94.50026666666668,263,Zunheboto,140757,71217,69540,102881,53504,49377,31267,6044,28846,2580,136995,39,286,6,772,261,976.0,73.0
Orissa,Baleshwar,21.48570932311624,87.08085828011933,377,Baleshwar,2320529,1185787,1134742,1621232,902359,718873,601154,82440,296834,2197709,6434,237,111,201,94254,7370,957.0,70.0
Orissa,Bhadrak,20.95262735257214,86.81496204516931,378,Bhadrak,1506337,760260,746077,1094140,596269,497871,373862,54244,164636,1398543,745,169,81,111,104202,2637,981.0,73.0
Orissa,Cuttack,20.407640646029623,85.7776810228802,381,Cuttack,2624470,1352760,1271710,2011469,1103033,908436,579529,210768,349587,2457729,11985,1026,6276,1180,141263,15046,940.0,77.0
Orissa,Dhenkanal,20.79887159353349,85.53226836027711,383,Dhenkanal,1192811,612593,580218,829910,464093,365817,315390,36979,117172,1185542,727,124,366,39,4805,1810,947.0,70.0
Orissa,Gajapati,19.121080882352945,84.14015091911759,389,Gajapati,577817,282882,294935,262537,153663,108874,152095,23050,63112,353160,219482,53,2180,66,1556,635,1043.0,45.0
Orissa,Ganjam,19.2632617564534,84.80297710437702,388,Ganjam,3529031,1779218,1749813,2210050,1262652,947398,795476,219918,405298,3486059,23975,590,174,170,13315,9049,983.0,63.0
Orissa,Jharsuguda,21.827058566978184,83.93581682242987,371,Jharsuguda,579505,296690,282815,405879,228092,177787,103224,73962,81433,553587,10462,1441,80,70,12783,2498,953.0,70.0
Orissa,Kalahandi,19.784253092783523,83.1124043814433,395,Kalahandi,1576869,787101,789768,802036,484177,317859,456336,38412,91171,1555367,11160,796,175,1225,4975,1953,1003.0,51.0
Orissa,Kandhamal,20.092878624813142,84.02216352765326,390,Kandhamal,733110,359945,373165,399786,233900,165886,218446,24489,28736,580300,148895,82,290,47,2138,768,1037.0,55.0
Orissa,Kendrapara,20.606319815982264,86.83763247572003,379,Kendrapara,1440361,717814,722547,1089265,579970,509295,414749,23494,173107,1386792,1423,169,62,52,50247,1628,1007.0,76.0
Orissa,Khordha,20.054162322274863,85.52234834123229,386,Khordha,2251673,1167137,1084536,1749936,957515,792421,331834,356895,349860,2147632,12527,1264,475,476,84060,35701,929.0,78.0
Orissa,Koraput,18.82627794779476,82.81278469846964,398,Koraput,1379647,678809,700838,568090,340843,227247,381789,78339,85766,1294151,68550,518,219,491,8850,3988,1032.0,41.0
Orissa,Malkangiri,18.25227930367506,81.98293636363628,399,Malkangiri,613192,303624,309568,244706,147001,97705,167884,15839,24604,600219,10039,213,43,195,1871,448,1020.0,40.0
Orissa,Mayurbhanj,21.897621545157754,86.4030408052231,376,Mayurbhanj,2519738,1256213,1263525,1369397,794171,575226,689110,64479,140189,2113079,15008,661,162,109,33706,2950,1006.0,54.0
Orissa,Nayagarh,20.192895622119817,85.05614700460825,385,Nayagarh,962789,502636,460153,688362,392333,296029,261646,26688,124984,955754,383,107,33,24,5278,1163,915.0,71.0
Orissa,Nuapada,20.471309512195116,82.59152536585364,394,Nuapada,610382,301962,308420,299383,180903,118480,197258,11869,43976,601092,1778,724,76,905,4952,757,1021.0,49.0
Orissa,Puri,19.83509174603177,85.86698989898981,387,Puri,1698730,865380,833350,1291939,704857,587082,402014,72210,201605,1644905,4239,193,243,94,46094,3416,963.0,76.0
Orissa,Rayagada,19.292840020060204,83.45860120361095,396,Rayagada,967911,471960,495951,407735,241959,165776,237343,49205,61543,874445,84916,219,249,123,4607,1553,1051.0,42.0
Orissa,Sambalpur,21.515752380952385,84.34958483245157,372,Sambalpur,1041099,526877,514222,703691,393192,310499,220697,94798,126498,964188,50637,2506,310,86,20120,5231,976.0,68.0
Orissa,Sundargarh,22.06354819277107,84.50524819277099,374,Sundargarh,2093437,1061147,1032290,1342322,750147,592175,387911,230151,223537,1532352,385011,5713,710,721,71391,12787,973.0,64.0
Puducherry,Karaikal,10.876161726078813,79.82369793621002,637,Karaikal,200222,97809,102413,154916,79903,75013,35618,33715,47880,152638,18391,46,63,54,28835,1868,1047.0,77.0
Puducherry,Mahe,12.006420793787758,75.28275021570326,636,Mahe,41816,19143,22673,36470,16610,19860,0,12110,7150,27940,958,3,21,14,12856,574,1184.0,87.0
Puducherry,Yanam,16.707695652173904,82.26187304347832,634,Yanam,55626,27301,28325,39274,19919,19355,0,15519,12859,53537,873,3,1,4,1191,207,1038.0,71.0
Punjab,Amritsar,31.548679820627772,74.79883856502238,49,Amritsar,2490656,1318408,1172248,1684770,932981,751789,275477,385476,461231,690939,54344,1716935,876,3152,12502,29961,889.0,68.0
Punjab,Bathinda,30.190524611973352,75.05685898004438,46,Bathinda,1388525,743197,645328,844868,488261,356607,218159,137563,255650,380569,2474,984286,246,1266,16299,11284,868.0,61.0
Punjab,Faridkot,30.591187250996025,74.79751553784862,45,Faridkot,617508,326671,290837,381285,215767,165518,99946,58917,113549,141363,1227,469789,155,1109,3125,4348,890.0,62.0
Punjab,Fatehgarh Sahib,30.64290947368421,76.36208394736842,40,Fatehgarh Sahib,600163,320795,279368,426033,238696,187337,117559,57337,113683,152851,1698,427521,48,178,16808,5138,871.0,71.0
Punjab,Firozpur,30.63407535211269,74.40245732394365,43,Firozpur,2029074,1071637,957437,1227511,707070,520441,348522,153868,349662,906408,19358,1090815,454,1143,6844,10042,893.0,60.0
Punjab,Gurdaspur,32.04283371212125,75.3204064393939,35,Gurdaspur,2298323,1212617,1085706,1634719,907660,727059,420860,185488,411216,1074332,176587,1002874,405,580,27667,14428,895.0,71.0
Punjab,Hoshiarpur,31.55157169811319,75.8469857442349,38,Hoshiarpur,1586625,809057,777568,1199699,637927,561772,422673,128592,319930,1000743,14968,538208,3476,2034,23089,13747,961.0,76.0
Punjab,Jalandhar,31.250336907216507,75.54400350515463,37,Jalandhar,2193590,1145211,1048379,1622537,882581,739956,330339,377791,446200,1394329,26016,718363,11385,4011,30233,39082,915.0,74.0
Punjab,Kapurthala,31.336592638036837,75.47641165644177,36,Kapurthala,815168,426311,388857,576567,316254,260313,165433,95770,161206,336124,5445,453692,6662,553,10190,9732,912.0,71.0
Punjab,Ludhiana,30.76596397379912,75.83110851528383,41,Ludhiana,3498739,1867816,1630923,2560225,1428348,1131877,395032,641789,703624,1502403,16517,1863408,2007,19620,77713,58589,873.0,73.0
Punjab,Mansa,29.919547714285724,75.4304922857143,47,Mansa,769751,408732,361019,423560,244037,179523,145603,50786,140099,156539,917,598443,123,1577,10375,2673,883.0,55.0
Punjab,Moga,30.756540067340065,75.1600845117845,42,Moga,995746,525920,469826,627889,348549,279340,214295,74144,183396,158414,3277,818921,178,436,9388,7897,893.0,63.0
Punjab,Muktsar,30.31243303303303,74.5518747747748,44,Muktsar,901896,475622,426274,524848,300401,224447,149507,74650,166585,254920,1681,638625,240,744,4333,4571,896.0,58.0
Punjab,Patiala,30.214540380693364,76.27505893949697,48,Patiala,1895686,1002522,893164,1266791,711052,555739,299279,218090,352929,783306,5683,1059944,245,1914,40043,24274,891.0,67.0
Punjab,Rupnagar,30.910937330754347,76.53743500967126,51,Rupnagar,684627,357485,327142,502731,278534,224197,148162,60537,129123,304481,2094,361045,118,653,14492,6600,915.0,73.0
Punjab,Sangrur,30.185045204336895,75.89437014178496,53,Sangrur,1655169,878029,777140,1002077,570413,431664,292156,156788,305557,389410,2406,1077438,268,3222,179116,10736,885.0,61.0
Rajasthan,Ajmer,26.199300378787903,74.6990419191919,119,Ajmer,2583052,1324085,1258967,1526673,926268,600405,409335,274919,393498,2201663,10605,6799,417,45614,314159,13499,951.0,59.0
Rajasthan,Alwar,27.55271738035265,76.65359630562563,104,Alwar,3674179,1939026,1735153,2182476,1359829,822647,782294,212967,485723,3039279,2696,64532,4384,13221,547335,9750,895.0,59.0
Rajasthan,Banswara,23.453642032967014,74.44246868131869,125,Banswara,1797485,907754,889731,829343,513854,315489,390437,39407,120603,1701234,22250,427,138,22613,48834,2324,980.0,46.0
Rajasthan,Baran,24.98023243243244,76.86210651828291,128,Baran,1222755,633945,588810,693307,432607,260700,249184,69804,161310,1133349,1432,3066,84,2795,79984,1363,929.0,57.0
Rajasthan,Barmer,25.77070908045978,71.50297126436782,115,Barmer,2603751,1369022,1234729,1188322,783461,404861,542825,55980,126494,2244882,1157,450,157,34010,321192,2766,902.0,46.0
Rajasthan,Bharatpur,27.32411858037578,77.21752077244258,105,Bharatpur,2548462,1355726,1192736,1480869,943910,536959,479437,129697,288723,2143046,1576,23456,899,5758,371286,4179,880.0,58.0
Rajasthan,Bhilwara,25.45119767759564,74.63947595628417,122,Bhilwara,2408523,1220736,1187787,1256126,777582,478544,530015,145865,373644,2224839,1978,1468,183,35149,142427,6207,973.0,52.0
Rajasthan,Bikaner,28.12489068322981,73.26943322981371,101,Bikaner,2363937,1240801,1123136,1278801,782399,496402,335754,196179,220793,2073356,1901,20072,285,30850,235741,7607,905.0,54.0
Rajasthan,Bundi,25.48580716049379,75.79984074074079,121,Bundi,1110906,577160,533746,585044,371705,213339,239836,63452,136969,1017688,682,11059,144,13455,66609,1392,925.0,53.0
Rajasthan,Chittaurgarh,24.631623761665463,74.80010997846382,126,Chittaurgarh,1544338,783171,761167,821825,514851,306974,366780,88873,268172,1413163,1274,1515,252,25843,97855,4941,972.0,53.0
Rajasthan,Churu,28.29330375536484,74.65846427038629,102,Churu,2039547,1051446,988101,1149269,696729,452540,344897,148996,231696,1777879,958,402,188,7104,249736,2577,940.0,56.0
Rajasthan,Dausa,26.91234817629181,76.57342097264443,109,Dausa,1634409,857787,776622,938051,596935,341116,361084,59610,195277,1582335,439,296,94,3737,45488,1719,905.0,57.0
Rajasthan,Dhaulpur,26.72397054945053,77.74476219780222,106,Dhaulpur,1206516,653647,552869,683098,435721,247377,214670,58626,96086,1127520,688,1356,92,2739,72258,1330,846.0,57.0
Rajasthan,Dungarpur,23.75104807692308,73.84765641025645,124,Dungarpur,1388552,696532,692020,681591,415820,265771,322816,31547,141275,1340065,830,240,226,16141,28662,1477,994.0,49.0
Rajasthan,Ganganagar,29.256785412667963,73.56192303262948,99,Ganganagar,1969168,1043340,925828,1193343,710908,482435,397697,164897,283142,1437144,2077,474853,938,1988,50688,6295,887.0,61.0
Rajasthan,Hanumangarh,29.1813351791531,74.74632573289902,100,Hanumangarh,1774692,931184,843508,1034136,624281,409855,389059,108694,243163,1433067,1542,216997,241,1935,118673,3360,906.0,58.0
Rajasthan,Jaipur,27.033459290187885,75.77117286012533,110,Jaipur,6626178,3468507,3157671,4300965,2554793,1746172,754841,977838,990085,5819980,12708,18782,1020,81079,687452,76565,910.0,65.0
Rajasthan,Jaisalmer,26.86900838548185,71.18371877346682,114,Jaisalmer,669919,361708,308211,308653,210415,98238,159117,30830,43141,497045,874,1723,98,1521,168129,754,852.0,46.0
Rajasthan,Jalor,25.07578093797277,72.18647261724662,116,Jalor,1828730,936634,892096,829582,543923,285659,419216,48202,161845,1732852,730,231,144,14640,78990,1585,952.0,45.0
Rajasthan,Jhalawar,24.24725541474657,76.11242891705065,129,Jhalawar,1411129,725143,685986,739792,466815,272977,298624,63763,220428,1299751,842,819,46,12488,96164,1750,946.0,52.0
Rajasthan,Jhunjhunun,28.13517401247401,75.52840893970894,103,Jhunjhunun,2137045,1095896,1041149,1370360,815834,554526,500452,150357,297559,1905682,1004,275,56,548,228178,4828,950.0,64.0
Rajasthan,Jodhpur,26.678460838536967,73.00450847457628,113,Jodhpur,3687165,1923928,1763237,2031532,1265753,765779,584215,307442,408808,3224399,6035,4123,514,36697,411558,19335,916.0,55.0
Rajasthan,Karauli,26.51901555555556,76.96081818181815,107,Karauli,1458248,783639,674609,805849,531904,273945,305047,59308,132079,1370977,602,297,70,3424,81553,1059,861.0,55.0
Rajasthan,Kota,25.175718080000014,76.18618928000001,127,Kota,1951014,1021161,929853,1298345,765396,532949,203454,311735,339899,1661307,5665,11058,280,25742,243993,12843,911.0,67.0
Rajasthan,Nagaur,27.07862016048146,74.14215667001012,112,Nagaur,3307743,1696325,1611418,1758624,1102750,655874,675712,166489,347344,2833443,1912,366,163,12940,454487,4449,950.0,53.0
Rajasthan,Pali,25.80490393541874,73.55285640766907,118,Pali,2037573,1025422,1012151,1085693,667381,418312,512909,139808,326793,1870543,1345,1540,141,18974,143476,4043,987.0,53.0
Rajasthan,Rajsamand,25.24894767441859,73.96570215946844,123,Rajsamand,1156597,581339,575258,619139,383334,235805,304622,61054,193276,1105676,759,260,100,14966,33677,1989,990.0,54.0
Rajasthan,Sawai Madhopur,26.251081180223288,76.4219283891548,108,Sawai Madhopur,1335551,704031,631520,741748,486184,255564,282057,71264,140947,1165505,945,812,177,9991,155681,1887,897.0,56.0
Rajasthan,Sikar,27.64644058641976,75.29317422839503,111,Sikar,2677333,1374990,1302343,1652117,995275,656842,527560,178274,339457,2342076,1122,356,177,4050,327583,5647,947.0,62.0
Rajasthan,Sirohi,24.7976905263158,72.75309131578943,117,Sirohi,1036346,534231,502115,476806,309900,166906,238535,69639,134089,996562,1284,572,114,6829,30479,2146,940.0,46.0
Rajasthan,Tonk,26.153935071707927,75.79192216427637,120,Tonk,1421326,728136,693190,749659,478329,271330,298911,81755,158264,1243527,754,378,122,22458,153146,1908,952.0,53.0
Rajasthan,Udaipur,24.44076752136749,73.84029839743584,130,Udaipur,3068420,1566801,1501619,1582629,973444,609185,665449,182769,357846,2869976,7406,4278,209,78647,104307,14211,958.0,52.0
Sikkim,East,27.29600352941175,88.74908392156858,93,East,1709346,907500,801846,1352998,748382,604616,1086,461132,352758,1410852,15792,53027,2643,46927,178807,80037,884.0,79.0
Tamil Nadu,Ariyalur,11.190514836795256,79.22249643916912,616,Ariyalur,754894,374703,380191,480604,269582,211022,223955,30322,177502,708397,37403,104,88,65,7942,1749,1015.0,64.0
Tamil Nadu,Chennai,13.058098905608748,80.28139151846806,603,Chennai,4646732,2335844,2310888,3776276,1968079,1808197,0,1314125,1096334,3751322,358662,2851,2804,51708,439270,217368,989.0,81.0
Tamil Nadu,Coimbatore,10.871376995940452,77.07619012178621,632,Coimbatore,3458045,1729297,1728748,2635907,1394790,1241117,284795,884957,896325,3044145,190314,1112,435,3284,211035,63273,1000.0,76.0
Tamil Nadu,Cuddalore,11.57587300613498,79.63002365371497,617,Cuddalore,2605914,1311697,1294217,1815281,1000322,814959,497429,260780,598412,2391675,83334,401,236,1280,123749,15396,987.0,70.0
Tamil Nadu,Dharmapuri,12.300141200000006,78.11509813333339,630,Dharmapuri,1506843,774303,732540,917709,527599,390110,396819,91107,337972,1452956,14089,164,39,37,38304,3651,946.0,61.0
Tamil Nadu,Dindigul,10.377801390820574,77.78011279554937,612,Dindigul,2159775,1080938,1078837,1481834,816180,665654,443818,269724,500057,1879494,169945,313,256,71,105012,9155,998.0,69.0
Tamil Nadu,Erode,11.267012155963302,77.42034334862392,610,Erode,2251744,1129868,1121876,1492662,828300,664362,411286,432398,595211,2115455,55899,435,148,639,76098,18604,993.0,66.0
Tamil Nadu,Kancheepuram,12.496424756511884,80.08820360135913,604,Kancheepuram,3998252,2012958,1985294,3013382,1611461,1401921,438799,774705,961161,3537399,256762,1620,990,4962,173785,100322,986.0,75.0
Tamil Nadu,Kanniyakumari,8.183466300191206,77.32053064053538,629,Kanniyakumari,1870374,926345,944029,1548738,780541,768197,104253,493788,465692,909872,876299,160,438,156,78590,15673,1019.0,83.0
Tamil Nadu,Karur,10.79532776617955,78.08749686847604,613,Karur,1064493,528184,536309,727044,401726,325318,212241,152420,264949,993666,16483,115,29,7,53292,4915,1015.0,68.0
Tamil Nadu,Madurai,9.904313833333331,78.01366033333332,623,Madurai,3038252,1526475,1511777,2273430,1223810,1049620,417718,592723,754141,2760502,97711,520,199,1532,168881,34097,990.0,75.0
Tamil Nadu,Nagapattinam,10.789468161718286,79.79437299431483,618,Nagapattinam,1616450,798127,818323,1213008,640916,572092,399016,118724,381940,1435072,47579,184,450,963,128617,5585,1025.0,75.0
Tamil Nadu,Namakkal,11.33766638477801,78.14624841437633,609,Namakkal,1726601,869280,857321,1176131,653312,522819,370357,257127,441044,1673652,16909,183,108,84,32483,8960,986.0,68.0
Tamil Nadu,Perambalur,11.260137758112096,78.86034011799416,615,Perambalur,565223,282157,283066,375823,208011,167812,155413,33179,135751,521658,10301,83,39,38,32702,1507,1003.0,66.0
Tamil Nadu,Pudukkottai,10.130514816433578,79.05444484265728,621,Pudukkottai,1618345,803188,815157,1110545,608776,501769,399712,104229,354493,1428784,72850,119,81,32,114194,4494,1015.0,69.0
Tamil Nadu,Ramanathapuram,9.31286995153476,78.99185362412462,626,Ramanathapuram,1353445,682658,670787,978946,536487,442459,290478,126761,291400,1047411,91139,154,86,29,208038,5172,983.0,72.0
Tamil Nadu,Salem,11.629324202127655,78.2478257978723,608,Salem,3482056,1781571,1700485,2285562,1285107,1000455,572813,597539,835377,3326357,53841,412,174,992,95487,20660,954.0,66.0
Tamil Nadu,Sivaganga,9.960306580645158,78.56535729032255,622,Sivaganga,1339101,668672,670429,959744,526304,433440,309224,143193,314270,1186078,75481,150,80,109,74310,5773,1003.0,72.0
Tamil Nadu,Thanjavur,10.387692255892237,79.3194869107745,620,Thanjavur,2405890,1182416,1223474,1790998,944264,846734,479070,274302,555582,2075870,133971,231,795,1256,190814,13495,1035.0,74.0
Tamil Nadu,Theni,9.924066666666668,77.43458833333332,624,Theni,1245899,625683,620216,870080,479403,390677,189328,221295,312310,1148990,37574,152,79,28,56751,4667,991.0,70.0
Tamil Nadu,Thiruvallur,13.275858101752885,80.19724702864492,602,Thiruvallur,3728104,1876062,1852042,2791721,1495711,1296010,387237,732196,909400,3325823,233633,1422,951,3693,143093,75634,987.0,75.0
Tamil Nadu,Thiruvarur,10.368927409395978,79.60322893959727,619,Thiruvarur,1264277,626693,637584,946471,503085,443386,321331,86848,303114,1132785,33192,258,151,279,96092,4416,1017.0,75.0
Tamil Nadu,Tiruvannamalai,12.419318947368414,79.23265631578953,606,Tiruvannamalai,2464875,1235889,1228986,1626813,909803,717010,563102,147061,549077,2294369,66987,232,157,7898,91636,6445,994.0,66.0
Tamil Nadu,Vellore,12.784882632293078,79.02643283582084,605,Vellore,3936331,1961688,1974643,2773928,1504355,1269573,653499,486801,865913,3397857,111390,676,438,3514,414760,20623,1007.0,70.0
Tamil Nadu,Virudhunagar,9.468872195892564,77.87641469194315,625,Virudhunagar,1942288,967709,974579,1398788,760375,638413,363782,370942,505950,1822626,67405,245,87,98,47838,10219,1007.0,72.0
Tripura,Dhalai,23.781360477941163,91.94654283088232,291,Dhalai,378230,194544,183686,276217,151643,124574,89457,14071,46875,307120,22940,175,39120,85,8256,273,944.0,73.0
Tripura,North Tripura,24.121739755351683,92.17842538226292,292,North Tripura,693947,352860,341087,520402,275646,244756,150437,42184,81601,507967,44062,151,34717,307,105737,997,967.0,75.0
Tripura,South Tripura,23.211874098057383,91.6065807585568,290,South Tripura,876001,447544,428457,646810,351082,295728,219171,44906,133744,736015,39258,245,49420,106,49258,948,957.0,74.0
Tripura,West Tripura,23.780166241299337,91.41310788863107,289,West Tripura,1725739,879428,846311,1361354,722998,638356,289621,217016,314567,1512801,53622,499,2128,362,152791,6394,962.0,79.0
Uttar Pradesh,Agra,26.99512974910393,78.05278291517321,146,Agra,4418797,2364953,2053844,2680510,1614594,1065916,496971,406852,536402,3922718,10076,12057,4049,21508,411313,27183,868.0,61.0
Uttar Pradesh,Aligarh,27.93748576850093,78.00146831119557,143,Aligarh,3673889,1951996,1721893,2092567,1283380,809187,582117,275942,268120,2904140,7635,5875,2582,2805,729283,13634,882.0,57.0
Uttar Pradesh,Allahabad,25.392038662316445,82.05172446982063,175,Allahabad,5954391,3131807,2822584,3665727,2199340,1466387,983266,265304,391542,5102041,13782,4377,4391,2247,796756,24122,901.0,62.0
Uttar Pradesh,Ambedkar Nagar,26.39119025974028,82.68282142857147,178,Ambedkar Nagar,2397888,1212410,1185478,1486939,846676,640263,501559,65031,99581,1985654,2536,869,1817,235,401678,2509,978.0,62.0
Uttar Pradesh,Auraiya,26.66892394014961,79.42637057356607,162,Auraiya,1379545,740040,639505,930836,546198,384638,255836,58438,65479,1273546,1004,371,332,228,101963,2404,864.0,67.0
Uttar Pradesh,Azamgarh,26.008290954773837,83.01220251256285,191,Azamgarh,4613913,2285004,2328909,2771917,1559414,1212503,891024,80434,183381,3878626,3810,719,5652,183,718692,6652,1019.0,60.0
Uttar Pradesh,Baghpat,29.045793499999988,77.30266300000001,139,Baghpat,1303048,700070,602978,797970,489858,308112,246055,69991,119121,917474,1840,483,161,16139,364583,2989,861.0,61.0
Uttar Pradesh,Bahraich,27.691776300578027,81.46779783237004,180,Bahraich,3487731,1843884,1643847,1398368,878285,520083,698520,61742,85814,2291892,6400,8212,2793,1177,1169330,2681,892.0,40.0
Uttar Pradesh,Ballia,25.86075638297873,84.03651978723408,193,Ballia,3239774,1672902,1566872,1963590,1160960,802630,564927,64454,119972,3004240,4463,892,1595,233,213440,4672,937.0,61.0
Uttar Pradesh,Balrampur,27.449076537911324,82.47158326180256,182,Balrampur,2148665,1114721,1033944,868357,544943,323414,410070,35768,57400,1333242,3228,900,1866,198,805975,1551,928.0,40.0
Uttar Pradesh,Banda,25.351885902503284,80.52487391304344,170,Banda,1799410,965876,833534,1002937,630626,372311,378056,67569,73522,1637549,1367,231,168,916,157612,1655,863.0,56.0
Uttar Pradesh,Bara Banki,26.922777025232424,81.35762350597606,176,Bara Banki,3260699,1707073,1553626,1692458,1010518,681940,635840,79068,108116,2505444,4857,2090,1553,3016,737106,3159,910.0,52.0
Uttar Pradesh,Bareilly,28.51101940789474,79.43187072368416,150,Bareilly,4448359,2357665,2090694,2191759,1342697,849062,631613,362798,272830,2830768,14822,28187,4371,931,1536534,15164,887.0,49.0
Uttar Pradesh,Basti,26.833880454545447,82.69790590909092,185,Basti,2464464,1255272,1209192,1393783,819719,574064,513960,31065,108101,2082976,3493,900,9753,107,364510,3423,963.0,57.0
Uttar Pradesh,Bijnor,29.313974259681096,78.45098815489754,134,Bijnor,3682713,1921215,1761498,2135393,1241471,893922,683875,224648,268353,2032081,6184,50624,1736,2134,1585210,7303,917.0,58.0
Uttar Pradesh,Bulandshahr,28.34875862068968,78.01082758620684,142,Bulandshahr,3499171,1845260,1653911,2031656,1253314,778342,658449,221628,223922,2707195,4088,2765,669,1572,777407,7865,896.0,58.0
Uttar Pradesh,Chandauli,25.1180859611231,83.25307062634984,196,Chandauli,1952756,1017905,934851,1174606,699454,475152,344937,50822,99602,1727869,2153,1389,340,100,215081,3492,918.0,60.0
Uttar Pradesh,Chitrakoot,25.159924623803,81.07666087551297,171,Chitrakoot,991730,527721,464009,531072,330339,200733,207237,23558,41046,955372,693,63,101,285,34559,827,879.0,54.0
Uttar Pradesh,Deoria,26.42218856548857,83.8244070686071,190,Deoria,3100946,1537436,1563510,1875239,1079288,795951,597778,67928,150001,2730957,3626,818,1182,209,358539,4469,1017.0,60.0
Uttar Pradesh,Etah,27.591155309734443,78.70021858407083,201,Etah,1774480,947339,827141,1055202,647042,408160,334246,67752,69591,1611126,2464,708,2887,5671,146346,2635,873.0,59.0
Uttar Pradesh,Etawah,26.78817670157068,79.07621806282728,161,Etawah,1581810,845856,735954,1062003,623583,438420,265643,85483,113098,1457892,1362,1045,1733,3917,113961,2964,870.0,67.0
Uttar Pradesh,Faizabad,26.60589185185181,82.00783530864202,177,Faizabad,2470996,1259628,1211368,1450901,838339,612562,510378,79288,127754,2094271,3225,1912,737,358,365806,4746,962.0,59.0
Uttar Pradesh,Farrukhabad,27.45063297872342,79.4406284574468,159,Farrukhabad,1885204,1006240,878964,1092677,654827,437850,316647,94843,88081,1596278,3137,3160,3161,487,276846,2624,874.0,58.0
Uttar Pradesh,Fatehpur,25.8374362030905,80.85416203090509,172,Fatehpur,2632733,1384722,1248011,1512166,911003,601163,558807,77733,75263,2274674,2201,402,172,199,350700,3385,901.0,57.0
Uttar Pradesh,Firozabad,27.20963993055552,78.42660624999998,147,Firozabad,2498156,1332046,1166110,1521806,912314,609492,349747,185621,196080,2140745,3370,1804,3395,19077,314812,5834,875.0,61.0
Uttar Pradesh,Gautam Buddha Nagar,28.393311038961038,77.52462467532465,141,Gautam Buddha Nagar,1648115,890214,757901,1122947,666065,456882,170835,338935,257586,1394025,7366,9261,895,4518,215500,53181,851.0,68.0
Uttar Pradesh,Ghaziabad,28.74997308584685,77.67441879350343,140,Ghaziabad,4681645,2488834,2192811,3123264,1811397,1311867,355407,836316,695130,3414427,19026,23001,3487,16412,1186776,78116,881.0,67.0
Uttar Pradesh,Ghazipur,25.624724775583484,83.5360854578097,195,Ghazipur,3620268,1855075,1765193,2197549,1293553,903996,700173,61467,105767,3233790,4181,810,3145,213,368153,5309,952.0,61.0
Uttar Pradesh,Gonda,27.157215552099505,82.0226888024882,183,Gonda,3433919,1787146,1646773,1679994,1034181,645813,673578,52794,104084,2739076,4735,1893,649,338,678615,4313,921.0,49.0
Uttar Pradesh,Gorakhpur,26.63315886792452,83.3549560377358,188,Gorakhpur,4440895,2277777,2163118,2700328,1593890,1106438,761958,189170,296619,4009037,9662,2123,2848,460,403847,14597,950.0,61.0
Uttar Pradesh,Hamirpur,25.738158381502892,79.82619479768789,28,Hamirpur,454768,217070,237698,358091,180555,177536,196116,15232,104120,449412,243,591,95,293,3711,2521,1095.0,79.0
Uttar Pradesh,Hamirpur,25.738158381502892,79.82619479768789,168,Hamirpur,1104285,593537,510748,653299,408125,245174,256081,55300,55929,1010014,814,196,74,41,91269,1196,861.0,59.0
Uttar Pradesh,Hardoi,27.337409090909137,80.26411767676768,155,Hardoi,4092845,2191442,1901403,2221601,1374587,847014,786613,121064,95508,3508131,5822,5688,6671,446,556219,3845,868.0,54.0
Uttar Pradesh,Jalaun,26.067954587155988,79.36686911314993,165,Jalaun,1689974,906092,783882,1075196,653430,421766,304856,91565,104176,1509708,1148,463,2875,256,171581,2217,865.0,64.0
Uttar Pradesh,Jaunpur,25.70141280913127,82.54315351934063,194,Jaunpur,4494204,2220465,2273739,2731677,1565394,1166283,926088,80582,181467,3981502,4947,1286,7898,349,483750,8002,1024.0,61.0
Uttar Pradesh,Jhansi,25.45581535234902,78.89954580536917,166,Jhansi,1998603,1057436,941167,1304513,783705,520808,309592,195321,183340,1823930,7050,4951,1203,7328,147842,8517,890.0,65.0
Uttar Pradesh,Jyotiba Phule Nagar,28.870498984771597,78.39009365482241,137,Jyotiba Phule Nagar,1840221,963449,876772,983110,600541,382569,335888,115486,89329,1075440,5952,5295,189,517,750368,2825,910.0,53.0
Uttar Pradesh,Kannauj,26.993988617886185,79.64437940379408,160,Kannauj,1656616,881776,774840,1017087,603596,413491,299785,65985,61491,1375788,1263,504,2033,606,273967,2488,879.0,61.0
Uttar Pradesh,Kanpur Dehat,26.43047641196011,79.98710083056478,163,Kanpur Dehat,1796184,963255,832929,1170243,692964,477279,363933,41323,49753,1612968,1300,478,819,155,176327,2682,865.0,65.0
Uttar Pradesh,Kaushambi,25.53587532051282,81.41811282051287,174,Kaushambi,1599596,838485,761111,813424,507279,306145,349856,30764,43753,1372381,2225,522,687,545,220423,1503,908.0,51.0
Uttar Pradesh,Kushinagar,26.892530675909864,83.92261542461007,189,Kushinagar,3564544,1818055,1746489,1954820,1183722,771098,742324,42775,127331,2928462,5006,767,4619,383,620244,3486,961.0,55.0
Uttar Pradesh,Lalitpur,24.58877161016945,78.60082330508473,167,Lalitpur,1221592,641011,580581,641191,397586,243605,258013,43819,77082,1163804,1351,1034,69,20390,33724,1079,906.0,52.0
Uttar Pradesh,Lucknow,26.838233589251463,80.89706026871404,157,Lucknow,4589838,2394476,2195362,3127260,1742440,1384820,344155,717566,582769,3537787,20493,23883,3877,4975,985070,68506,917.0,68.0
Uttar Pradesh,Mahoba,25.34529670138888,79.67863003472216,169,Mahoba,875958,466358,409600,488106,302283,185823,198298,48525,42936,815142,965,389,94,234,57454,1316,878.0,56.0
Uttar Pradesh,Mainpuri,27.17386862302482,79.03501851015807,148,Mainpuri,1868529,993377,875152,1203885,712110,491775,338475,72783,79022,1746649,1729,475,8814,4161,100723,2642,881.0,64.0
Uttar Pradesh,Mathura,27.59390432801821,77.62153416856502,145,Mathura,2547184,1367125,1180059,1507746,943346,564400,407488,177802,281239,2310776,3179,2872,883,2056,216933,8726,863.0,59.0
Uttar Pradesh,Mau,26.01082203791469,83.50582654028433,192,Mau,2205968,1114709,1091259,1363044,773082,589962,352207,99321,149908,1769937,2109,340,564,155,428555,2656,979.0,62.0
Uttar Pradesh,Meerut,29.02957625698323,77.80611005586593,138,Meerut,3443689,1825743,1617946,2141488,1254520,886968,381520,422303,425624,2183255,10582,24912,1855,18544,1185643,23717,886.0,62.0
Uttar Pradesh,Mirzapur,25.10207959183675,82.60126628571429,199,Mirzapur,2496970,1312302,1184668,1428683,865837,562846,465152,77963,145997,2292534,2373,1133,341,701,195765,4447,903.0,57.0
Uttar Pradesh,Moradabad,28.851770406189537,78.73580193423597,135,Moradabad,4772006,2503186,2268820,2263848,1357435,906413,692398,355518,281758,2488265,13157,7555,1260,2426,2248392,11690,906.0,47.0
Uttar Pradesh,Muzaffarnagar,29.470507977736563,77.64017847866423,133,Muzaffarnagar,4143512,2193434,1950078,2417339,1448528,968811,673746,296104,368153,2382914,6495,18601,1516,16345,1711453,10077,889.0,58.0
Uttar Pradesh,Pilibhit,28.52024175035868,79.90103974175037,151,Pilibhit,2031007,1072002,959005,1061095,654290,406805,371752,89638,83006,1449007,3510,84787,360,138,489686,2870,895.0,52.0
Uttar Pradesh,Pratapgarh,25.864842731707316,81.93530048780492,131,Pratapgarh,867848,437744,430104,401515,250122,151393,209813,24269,71612,827293,358,72,32,14077,25597,716,983.0,46.0
Uttar Pradesh,Pratapgarh,25.864842731707316,81.93530048780492,173,Pratapgarh,3209141,1606085,1603056,1931559,1121381,810178,711085,41701,140538,2731351,3920,1451,7795,746,452394,5149,998.0,60.0
Uttar Pradesh,Rae Bareli,26.253902840059787,81.22260463378181,158,Rae Bareli,3405559,1752542,1653017,1965843,1165965,799878,705025,73393,247856,2975998,3634,2424,722,397,413243,5184,943.0,58.0
Uttar Pradesh,Rampur,28.83244727272725,79.10977333333337,136,Rampur,2335819,1223889,1111930,1043666,630408,413258,396775,143217,131112,1073890,9201,65316,384,1307,1181337,3847,909.0,45.0
Uttar Pradesh,Saharanpur,30.03381165217392,77.59905147826095,132,Saharanpur,3466382,1834106,1632276,2077108,1220114,856994,605082,284156,404499,1966892,6523,18627,1937,10208,1454052,9699,890.0,60.0
Uttar Pradesh,Sant Kabir Nagar,26.791596516393444,83.0387764344262,186,Sant Kabir Nagar,1715183,869656,845527,954949,567098,387851,324972,27179,79525,1300586,1766,447,4393,95,404410,2031,972.0,56.0
Uttar Pradesh,Shahjahanpur,27.991389350649328,79.8302275324675,152,Shahjahanpur,3006538,1606403,1400135,1490930,915142,575788,520289,134714,115163,2412595,4630,51090,2312,301,527581,3889,872.0,50.0
Uttar Pradesh,Sitapur,27.501995963091108,80.85288881199547,154,Sitapur,4483992,2375264,2108728,2283733,1397702,886031,827583,111319,102040,3555450,6579,11611,2663,1410,893725,3874,888.0,51.0
Uttar Pradesh,Sonbhadra,24.46693268858798,83.06816324951639,200,Sonbhadra,1862559,971344,891215,985708,601988,383720,337048,91040,95582,1738769,3963,1649,1747,487,103567,5149,918.0,53.0
Uttar Pradesh,Sultanpur,26.2846386419753,82.05710456790123,179,Sultanpur,3797117,1914586,1882531,2239902,1300248,939654,839737,49891,233701,3119590,4453,1629,9989,426,650261,5956,983.0,59.0
Uttar Pradesh,Unnao,26.63163990895297,80.636773292868,156,Unnao,3108367,1630087,1478280,1773584,1053063,720521,596317,121039,99466,2732016,3574,1204,920,240,363453,3476,907.0,57.0
Uttar Pradesh,Varanasi,25.36057088888889,82.82529666666672,197,Varanasi,3676841,1921857,1754984,2403903,1389116,1014787,438935,316129,336056,3107681,7696,3309,1146,1898,546987,19214,913.0,65.0
Uttaranchal,Almora,29.683532133676103,79.50165064267351,64,Almora,622506,291081,331425,436497,231604,204893,260056,21082,109876,611250,1895,256,201,31,7752,1830,1139.0,70.0
Uttaranchal,Bageshwar,29.98703393393397,79.83954354354357,63,Bageshwar,259898,124326,135572,179483,97546,81937,96031,3880,47083,257509,397,46,102,7,1440,435,1090.0,69.0
Uttaranchal,Chamoli,30.58338611464965,79.56281095541402,57,Chamoli,391605,193991,197614,280556,155395,125161,163434,22906,71524,385818,428,323,190,11,4395,899,1019.0,72.0
Uttaranchal,Champawat,29.29142393939393,80.07720212121217,65,Champawat,259648,131125,128523,177726,102015,75711,85202,12839,37725,249563,870,336,24,28,8693,548,980.0,68.0
Uttaranchal,Pithoragarh,30.14720631868129,80.34229230769236,62,Pithoragarh,483439,239306,244133,345550,189623,155927,183687,26256,95421,475105,1401,260,185,13,6015,1344,1020.0,71.0
Uttaranchal,Tehri Garhwal,30.463700918635173,78.48783792650917,59,Tehri Garhwal,618931,297986,320945,407994,227406,180588,227059,27177,117239,609835,656,290,32,91,7374,1366,1077.0,66.0
Uttaranchal,Udham Singh Nagar,29.02779577677222,79.45629004524895,67,Udham Singh Nagar,1648902,858783,790119,1037839,598525,439314,269406,145253,254802,1104452,6064,162768,505,738,372267,7883,920.0,63.0
Uttaranchal,Uttarkashi,30.968958552036234,78.56880615384617,56,Uttarkashi,330086,168597,161489,215126,128237,86889,112148,9061,52621,324859,353,167,563,74,3554,602,958.0,65.0
West Bengal,Bankura,23.081280892857155,87.12640053571437,339,Bankura,3596674,1838095,1758579,2232992,1299337,933655,900515,90885,334670,3033581,3865,386,260,2904,290450,4273,957.0,62.0
West Bengal,Barddhaman,23.444453888888884,87.8150581111111,335,Barddhaman,7717563,3966889,3750674,5247208,2918040,2329168,1364868,862368,1049943,6008472,21220,16675,1602,1674,1599764,32323,945.0,68.0
West Bengal,Birbhum,24.06389342723,87.65153089201888,334,Birbhum,3502404,1790920,1711484,2158447,1201481,956966,831044,134565,333752,2181515,10906,582,258,1152,1298054,5210,956.0,62.0
West Bengal,Dakshin Dinajpur,25.342094363021435,88.69821679819614,331,Dakshin Dinajpur,1676276,857199,819077,1083685,596474,487211,390949,70077,168069,1232850,24794,276,148,323,412788,2518,956.0,65.0
West Bengal,Darjiling,26.839619571045585,88.33145067024122,327,Darjiling,1846823,937259,909564,1315585,717673,597912,303284,215675,297176,1366681,141848,2032,209240,1840,105086,10943,970.0,71.0
West Bengal,Haora,22.401674174428507,87.99421176968654,341,Haora,4850029,2500819,2349210,3605206,1942824,1662382,483384,869313,796953,3535844,8666,4380,1258,9699,1270641,30751,939.0,74.0
West Bengal,Hugli,22.87929264705881,88.00010264705891,338,Hugli,5519145,2814653,2704492,4078388,2211777,1866611,992085,647953,965258,4574569,7300,2662,1730,2160,870204,31725,961.0,74.0
West Bengal,Jalpaiguri,26.62642031250004,89.04154375000003,328,Jalpaiguri,3872846,1983064,1889782,2498780,1396622,1102158,798378,319426,382500,3156781,186279,2994,50676,1461,445817,9322,953.0,65.0
West Bengal,Kolkata,22.550581481481483,88.3527648148148,342,Kolkata,4496694,2356766,2139928,3588137,1926915,1661222,0,1308106,927602,3440290,39758,13849,4771,21178,926414,136618,908.0,80.0
West Bengal,Maldah,25.08026802575105,88.17191684549356,332,Maldah,3988845,2051541,1937304,2086432,1152019,934413,830318,128678,297716,1914352,13209,747,359,639,2045151,5357,944.0,52.0
West Bengal,Murshidabad,24.25950655391121,88.16816860465121,333,Murshidabad,7103807,3627564,3476243,4055834,2177187,1878647,1501066,350899,541169,2359061,18102,766,348,3037,4707573,7951,958.0,57.0
West Bengal,Nadia,23.56410971055088,88.58293034547152,336,Nadia,5167600,2653768,2513832,3480555,1878866,1601689,1081381,468390,623729,3728482,33835,849,514,281,1382682,12787,947.0,67.0
West Bengal,Puruliya,23.254192328767108,86.3968532876713,340,Puruliya,2930115,1496996,1433119,1624905,1002058,622847,653219,99433,189889,2373120,8646,622,209,3052,227249,3551,957.0,55.0
West Bengal,Uttar Dinajpur,26.044619165196977,88.23595232216337,330,Uttar Dinajpur,3007134,1551066,1456068,1489667,853495,636172,683981,94269,199307,1482943,16702,477,432,1324,1501170,2883,939.0,50.0
